[ 2026-09-03 18:57:53.202 | [33m[1mWARNING [0m | exo.worker.runner.supervisor:<lambda>:184 ] [33m[1mRunner stderr: [fence-gate-diag] n=1 FENCE_ASYNC=True engine=False cache=False cache_registered=True B=1 MAX_B=1 L=13[0m
[ 2026-09-03 18:57:53.249 | [33m[1mWARNING [0m | exo.worker.runner.supervisor:<lambda>:184 ] [33m[1mRunner stderr: [fence-gate-diag] n=2 FENCE_ASYNC=True engine=False cache=False cache_registered=True B=1 MAX_B=1 L=13[0m
[ 2026-09-03 18:57:53.264 | [33m[1mWARNING [0m | exo.worker.runner.supervisor:<lambda>:184 ] [33m[1mRunner stderr: [fence-gate-diag] n=3 FENCE_ASYNC=True engine=False cache=False cache_registered=True B=1 MAX_B=1 L=13[0m
[ 2026-09-03 18:57:53.287 | [33m[1mWARNING [0m | exo.worker.runner.supervisor:<lambda>:184 ] [33m[1mRunner stderr: [fence-gate-diag] n=4 FENCE_ASYNC=True engine=False cache=False cache_registered=True B=1 MAX_B=1 L=13[0m
[ 2026-09-03 18:57:53.307 | [33m[1mWARNING [0m | exo.worker.runner.supervisor:<lambda>:184 ] [33m[1mRunner stderr: [fence-gate-diag] n=5 FENCE_ASYNC=True engine=False cache=False cache_registered=True B=1 MAX_B=1 L=13[0m
[ 2026-09-03 18:57:53.322 | [33m[1mWARNING [0m | exo.worker.runner.supervisor:<lambda>:184 ] [33m[1mRunner stderr: [fence-gate-diag] n=6 FENCE_ASYNC=True engine=False cache=False cache_registered=True B=1 MAX_B=1 L=13[0m
[ 2026-09-03 18:57:53.338 | [33m[1mWARNING [0m | exo.worker.runner.supervisor:<lambda>:184 ] [33m[1mRunner stderr: [fence-gate-diag] n=7 FENCE_ASYNC=True engine=False cache=False cache_registered=True B=1 MAX_B=1 L=13[0m
[ 2026-09-03 18:57:53.353 | [33m[1mWARNING [0m | exo.worker.runner.supervisor:<lambda>:184 ] [33m[1mRunner stderr: [fence-gate-diag] n=8 FENCE_ASYNC=True engine=False cache=False cache_registered=True B=1 MAX_B=1 L=13[0m
[ 2026-09-03 18:57:53.367 | [33m[1mWARNING [0m | exo.worker.runner.supervisor:<lambda>:184 ] [33m[1mRunner stderr: [fence-gate-diag] n=9 FENCE_ASYNC=True engine=False cache=False cache_registered=True B=1 MAX_B=1 L=13[0m
[ 2026-09-03 18:57:53.391 | [33m[1mWARNING [0m | exo.worker.runner.supervisor:<lambda>:184 ] [33m[1mRunner stderr: [fence-gate-diag] n=10 FENCE_ASYNC=True engine=False cache=False cache_registered=True B=1 MAX_B=1 L=13[0m
[ 2026-09-03 18:57:53.407 | [33m[1mWARNING [0m | exo.worker.runner.supervisor:<lambda>:184 ] [33m[1mRunner stderr: [fence-gate-diag] n=11 FENCE_ASYNC=True engine=False cache=False cache_registered=True B=1 MAX_B=1 L=13[0m
[ 2026-09-03 18:57:53.422 | [33m[1mWARNING [0m | exo.worker.runner.supervisor:<lambda>:184 ] [33m[1mRunner stderr: [fence-gate-diag] n=12 FENCE_ASYNC=True engine=False cache=False cache_registered=True B=1 MAX_B=1 L=13[0m
[ 2026-09-03 18:57:53.438 | [33m[1mWARNING [0m | exo.worker.runner.supervisor:<lambda>:184 ] [33m[1mRunner stderr: [fence-gate-diag] n=13 FENCE_ASYNC=True engine=False cache=False cache_registered=True B=1 MAX_B=1 L=13[0m
[ 2026-09-03 18:57:53.457 | [33m[1mWARNING [0m | exo.worker.runner.supervisor:<lambda>:184 ] [33m[1mRunner stderr: [fence-gate-diag] n=14 FENCE_ASYNC=True engine=False cache=False cache_registered=True B=1 MAX_B=1 L=13[0m
[ 2026-09-03 18:57:53.476 | [33m[1mWARNING [0m | exo.worker.runner.supervisor:<lambda>:184 ] [33m[1mRunner stderr: [fence-gate-diag] n=15 FENCE_ASYNC=True engine=False cache=False cache_registered=True B=1 MAX_B=1 L=13[0m
[ 2026-09-03 18:57:53.492 | [33m[1mWARNING [0m | exo.worker.runner.supervisor:<lambda>:184 ] [33m[1mRunner stderr: [fence-gate-diag] n=16 FENCE_ASYNC=True engine=False cache=False cache_registered=True B=1 MAX_B=1 L=13[0m
[ 2026-09-03 18:57:53.507 | [33m[1mWARNING [0m | exo.worker.runner.supervisor:<lambda>:184 ] [33m[1mRunner stderr: [fence-gate-diag] n=17 FENCE_ASYNC=True engine=False cache=False cache_registered=True B=1 MAX_B=1 L=13[0m
[ 2026-09-03 18:57:53.536 | [33m[1mWARNING [0m | exo.worker.runner.supervisor:<lambda>:184 ] [33m[1mRunner stderr: [fence-gate-diag] n=18 FENCE_ASYNC=True engine=False cache=False cache_registered=True B=1 MAX_B=1 L=13[0m
[ 2026-09-03 18:57:53.551 | [33m[1mWARNING [0m | exo.worker.runner.supervisor:<lambda>:184 ] [33m[1mRunner stderr: [fence-gate-diag] n=19 FENCE_ASYNC=True engine=False cache=False cache_registered=True B=1 MAX_B=1 L=13[0m
[ 2026-09-03 18:57:53.597 | [33m[1mWARNING [0m | exo.worker.runner.supervisor:<lambda>:184 ] [33m[1mRunner stderr: [fence-gate-diag] n=20 FENCE_ASYNC=True engine=False cache=False cache_registered=True B=1 MAX_B=1 L=13[0m
[ 2026-09-03 18:57:53.782 | [33m[1mWARNING [0m | exo.worker.runner.supervisor:<lambda>:184 ] [33m[1mRunner stderr: [fence-gate-diag] n=21 FENCE_ASYNC=True engine=False cache=False cache_registered=True B=1 MAX_B=1 L=13[0m
[ 2026-09-03 18:57:53.972 | [33m[1mWARNING [0m | exo.worker.runner.supervisor:<lambda>:184 ] [33m[1mRunner stderr: [fence-gate-diag] n=22 FENCE_ASYNC=True engine=False cache=False cache_registered=True B=1 MAX_B=1 L=13[0m
[ 2026-09-03 18:57:54.171 | [33m[1mWARNING [0m | exo.worker.runner.supervisor:<lambda>:184 ] [33m[1mRunner stderr: [fence-gate-diag] n=23 FENCE_ASYNC=True engine=False cache=False cache_registered=True B=1 MAX_B=1 L=13[0m
[ 2026-09-03 18:57:54.370 | [33m[1mWARNING [0m | exo.worker.runner.supervisor:<lambda>:184 ] [33m[1mRunner stderr: [fence-gate-diag] n=24 FENCE_ASYNC=True engine=False cache=False cache_registered=True B=1 MAX_B=1 L=13[0m
[ 2026-09-03 18:57:54.591 | [33m[1mWARNING [0m | exo.worker.runner.supervisor:<lambda>:184 ] [33m[1mRunner stderr: [fence-gate-diag] n=25 FENCE_ASYNC=True engine=False cache=False cache_registered=True B=1 MAX_B=1 L=13[0m
[ 2026-09-03 18:57:54.838 | [33m[1mWARNING [0m | exo.worker.runner.supervisor:<lambda>:184 ] [33m[1mRunner stderr: [fence-gate-diag] n=26 FENCE_ASYNC=True engine=False cache=False cache_registered=True B=1 MAX_B=1 L=13[0m
[ 2026-09-03 18:57:55.048 | [33m[1mWARNING [0m | exo.worker.runner.supervisor:<lambda>:184 ] [33m[1mRunner stderr: [fence-gate-diag] n=27 FENCE_ASYNC=True engine=False cache=False cache_registered=True B=1 MAX_B=1 L=13[0m
[ 2026-09-03 18:57:55.254 | [33m[1mWARNING [0m | exo.worker.runner.supervisor:<lambda>:184 ] [33m[1mRunner stderr: [fence-gate-diag] n=28 FENCE_ASYNC=True engine=False cache=False cache_registered=True B=1 MAX_B=1 L=13[0m
[ 2026-09-03 18:57:55.455 | [33m[1mWARNING [0m | exo.worker.runner.supervisor:<lambda>:184 ] [33m[1mRunner stderr: [fence-gate-diag] n=29 FENCE_ASYNC=True engine=False cache=False cache_registered=True B=1 MAX_B=1 L=13[0m
[ 2026-09-03 18:57:55.662 | [33m[1mWARNING [0m | exo.worker.runner.supervisor:<lambda>:184 ] [33m[1mRunner stderr: [fence-gate-diag] n=30 FENCE_ASYNC=True engine=False cache=False cache_registered=True B=1 MAX_B=1 L=13[0m
[ 2026-09-03 18:57:59.148 | [33m[1mWARNING [0m | exo.worker.runner.supervisor:<lambda>:184 ] [33m[1mRunner stderr: [fence-gate-diag] n=200 FENCE_ASYNC=True engine=False cache=False cache_registered=True B=1 MAX_B=1 L=1[0m
[ 2026-09-03 18:57:59.376 | [33m[1mWARNING [0m | exo.worker.runner.supervisor:<lambda>:184 ] [33m[1mRunner stderr: [fence-gate-diag] n=400 FENCE_ASYNC=True engine=False cache=False cache_registered=True B=1 MAX_B=1 L=1[0m
[ 2026-09-03 18:57:59.587 | [33m[1mWARNING [0m | exo.worker.runner.supervisor:<lambda>:184 ] [33m[1mRunner stderr: [fence-gate-diag] n=600 FENCE_ASYNC=True engine=False cache=False cache_registered=True B=1 MAX_B=1 L=1[0m
[ 2026-09-03 18:57:59.800 | [33m[1mWARNING [0m | exo.worker.runner.supervisor:<lambda>:184 ] [33m[1mRunner stderr: [fence-gate-diag] n=800 FENCE_ASYNC=True engine=False cache=False cache_registered=True B=1 MAX_B=1 L=1[0m
[ 2026-09-03 18:58:00.017 | [33m[1mWARNING [0m | exo.worker.runner.supervisor:<lambda>:184 ] [33m[1mRunner stderr: [fence-gate-diag] n=1000 FENCE_ASYNC=True engine=False cache=False cache_registered=True B=1 MAX_B=1 L=1[0m
[ 2026-09-03 18:58:00.230 | [33m[1mWARNING [0m | exo.worker.runner.supervisor:<lambda>:184 ] [33m[1mRunner stderr: [fence-gate-diag] n=1200 FENCE_ASYNC=True engine=False cache=False cache_registered=True B=1 MAX_B=1 L=1[0m
[ 2026-09-03 18:58:00.432 | [33m[1mWARNING [0m | exo.worker.runner.supervisor:<lambda>:184 ] [33m[1mRunner stderr: [fence-gate-diag] n=1400 FENCE_ASYNC=True engine=False cache=False cache_registered=True B=1 MAX_B=1 L=1[0m
[ 2026-09-03 18:58:00.634 | [33m[1mWARNING [0m | exo.worker.runner.supervisor:<lambda>:184 ] [33m[1mRunner stderr: [fence-gate-diag] n=1600 FENCE_ASYNC=True engine=False cache=False cache_registered=True B=1 MAX_B=1 L=1[0m
[ 2026-09-03 18:58:00.840 | [33m[1mWARNING [0m | exo.worker.runner.supervisor:<lambda>:184 ] [33m[1mRunner stderr: [fence-gate-diag] n=1800 FENCE_ASYNC=True engine=False cache=False cache_registered=True B=1 MAX_B=1 L=1[0m
[ 2026-09-03 18:58:01.057 | [33m[1mWARNING [0m | exo.worker.runner.supervisor:<lambda>:184 ] [33m[1mRunner stderr: [fence-gate-diag] n=2000 FENCE_ASYNC=True engine=False cache=False cache_registered=True B=1 MAX_B=1 L=1[0m
[ 2026-09-03 18:58:01.282 | [33m[1mWARNING [0m | exo.worker.runner.supervisor:<lambda>:184 ] [33m[1mRunner stderr: [fence-gate-diag] n=2200 FENCE_ASYNC=True engine=False cache=False cache_registered=True B=1 MAX_B=1 L=1[0m
[ 2026-09-03 18:58:07.046 | [33m[1mWARNING [0m | exo.worker.runner.supervisor:<lambda>:184 ] [33m[1mRunner stderr: [fence-gate-diag] SETTER key=engine ok=False tid=8662072128 ctx_now={'engine': False, 'cache': False}[0m
[ 2026-09-03 18:58:10.654 | [33m[1mWARNING [0m | exo.worker.runner.supervisor:<lambda>:184 ] [33m[1mRunner stderr: [fence-gate-diag] n=2400 FENCE_ASYNC=True engine=False cache=False cache_registered=True B=1 MAX_B=1 L=2048[0m
[ 2026-09-03 18:58:32.779 | [33m[1mWARNING [0m | exo.worker.runner.supervisor:<lambda>:184 ] [33m[1mRunner stderr: [fence-gate-diag] n=2600 FENCE_ASYNC=True engine=False cache=False cache_registered=True B=1 MAX_B=1 L=2048[0m
[ 2026-09-03 18:58:54.832 | [33m[1mWARNING [0m | exo.worker.runner.supervisor:<lambda>:184 ] [33m[1mRunner stderr: [fence-gate-diag] n=2800 FENCE_ASYNC=True engine=False cache=False cache_registered=True B=1 MAX_B=1 L=2048[0m
[ 2026-09-03 18:59:16.944 | [33m[1mWARNING [0m | exo.worker.runner.supervisor:<lambda>:184 ] [33m[1mRunner stderr: [fence-gate-diag] n=3000 FENCE_ASYNC=True engine=False cache=False cache_registered=True B=1 MAX_B=1 L=2048[0m
[ 2026-09-03 18:59:39.538 | [33m[1mWARNING [0m | exo.worker.runner.supervisor:<lambda>:184 ] [33m[1mRunner stderr: [fence-gate-diag] n=3200 FENCE_ASYNC=True engine=False cache=False cache_registered=True B=1 MAX_B=1 L=2048[0m
[ 2026-09-03 19:00:02.326 | [33m[1mWARNING [0m | exo.worker.runner.supervisor:<lambda>:184 ] [33m[1mRunner stderr: [fence-gate-diag] n=3400 FENCE_ASYNC=True engine=False cache=False cache_registered=True B=1 MAX_B=1 L=2048[0m
[ 2026-09-03 19:00:24.788 | [33m[1mWARNING [0m | exo.worker.runner.supervisor:<lambda>:184 ] [33m[1mRunner stderr: [fence-gate-diag] n=3600 FENCE_ASYNC=True engine=False cache=False cache_registered=True B=1 MAX_B=1 L=2048[0m
[ 2026-09-03 19:00:34.551 | [33m[1mWARNING [0m | exo.worker.runner.supervisor:<lambda>:184 ] [33m[1mRunner stderr: [fence-gate-diag] SETTER key=cache ok=False tid=8662072128 ctx_now={'engine': False, 'cache': False}[0m
[ 2026-09-03 19:00:34.634 | [33m[1mWARNING [0m | exo.worker.runner.supervisor:<lambda>:184 ] [33m[1mRunner stderr: [fence-gate-diag] SETTER key=cache ok=False tid=8662072128 ctx_now={'engine': False, 'cache': False}[0m
[ 2026-09-03 19:00:34.634 | [33m[1mWARNING [0m | exo.worker.runner.supervisor:<lambda>:184 ] [33m[1mRunner stderr: [fence-gate-diag] SETTER key=cache ok=True tid=8662072128 ctx_now={'engine': False, 'cache': True}[0m
[ 2026-09-03 19:00:34.678 | [33m[1mWARNING [0m | exo.worker.runner.supervisor:<lambda>:184 ] [33m[1mRunner stderr: [fence-gate-diag] SETTER key=engine ok=True tid=8662072128 ctx_now={'engine': True, 'cache': True}[0m
[ 2026-09-03 19:00:34.840 | [33m[1mWARNING [0m | exo.worker.runner.supervisor:<lambda>:184 ] [33m[1mRunner stderr: [fence-gate-diag] SETTER key=cache ok=True tid=8662072128 ctx_now={'engine': True, 'cache': True}[0m
[ 2026-09-03 19:00:34.979 | [33m[1mWARNING [0m | exo.worker.runner.supervisor:<lambda>:184 ] [33m[1mRunner stderr: [fence-gate-diag] SETTER key=cache ok=True tid=8662072128 ctx_now={'engine': True, 'cache': True}[0m
[ 2026-09-03 19:00:35.051 | [33m[1mWARNING [0m | exo.worker.runner.supervisor:<lambda>:184 ] [33m[1mRunner stderr: [fence-gate-diag] SETTER key=cache ok=False tid=8662072128 ctx_now={'engine': True, 'cache': False}[0m
[ 2026-09-03 19:00:35.052 | [33m[1mWARNING [0m | exo.worker.runner.supervisor:<lambda>:184 ] [33m[1mRunner stderr: [fence-gate-diag] SETTER key=cache ok=True tid=8662072128 ctx_now={'engine': True, 'cache': True}[0m
[ 2026-09-03 19:00:35.055 | [33m[1mWARNING [0m | exo.worker.runner.supervisor:<lambda>:184 ] [33m[1mRunner stderr: [fence-gate-diag] SETTER key=cache ok=True tid=8662072128 ctx_now={'engine': True, 'cache': True}[0m
[ 2026-09-03 19:00:35.125 | [33m[1mWARNING [0m | exo.worker.runner.supervisor:<lambda>:184 ] [33m[1mRunner stderr: [fence-gate-diag] SETTER key=cache ok=False tid=8662072128 ctx_now={'engine': True, 'cache': False}[0m
[ 2026-09-03 19:00:35.126 | [33m[1mWARNING [0m | exo.worker.runner.supervisor:<lambda>:184 ] [33m[1mRunner stderr: [fence-gate-diag] SETTER key=cache ok=True tid=8662072128 ctx_now={'engine': True, 'cache': True}[0m
[ 2026-09-03 19:00:35.130 | [33m[1mWARNING [0m | exo.worker.runner.supervisor:<lambda>:184 ] [33m[1mRunner stderr: [fence-gate-diag] SETTER key=cache ok=True tid=8662072128 ctx_now={'engine': True, 'cache': True}[0m
[ 2026-09-03 19:00:35.193 | [33m[1mWARNING [0m | exo.worker.runner.supervisor:<lambda>:184 ] [33m[1mRunner stderr: [fence-gate-diag] SETTER key=cache ok=False tid=8662072128 ctx_now={'engine': True, 'cache': False}[0m
[ 2026-09-03 19:00:35.193 | [33m[1mWARNING [0m | exo.worker.runner.supervisor:<lambda>:184 ] [33m[1mRunner stderr: [fence-gate-diag] SETTER key=cache ok=True tid=8662072128 ctx_now={'engine': True, 'cache': True}[0m
[ 2026-09-03 19:00:35.197 | [33m[1mWARNING [0m | exo.worker.runner.supervisor:<lambda>:184 ] [33m[1mRunner stderr: [fence-gate-diag] SETTER key=cache ok=True tid=8662072128 ctx_now={'engine': True, 'cache': True}[0m
[ 2026-09-03 19:00:35.276 | [33m[1mWARNING [0m | exo.worker.runner.supervisor:<lambda>:184 ] [33m[1mRunner stderr: [fence-gate-diag] SETTER key=cache ok=False tid=8662072128 ctx_now={'engine': True, 'cache': False}[0m
[ 2026-09-03 19:00:35.278 | [33m[1mWARNING [0m | exo.worker.runner.supervisor:<lambda>:184 ] [33m[1mRunner stderr: [fence-gate-diag] SETTER key=cache ok=True tid=8662072128 ctx_now={'engine': True, 'cache': True}[0m
[ 2026-09-03 19:00:35.281 | [33m[1mWARNING [0m | exo.worker.runner.supervisor:<lambda>:184 ] [33m[1mRunner stderr: [fence-gate-diag] SETTER key=cache ok=True tid=8662072128 ctx_now={'engine': True, 'cache': True}[0m
[ 2026-09-03 19:00:35.346 | [33m[1mWARNING [0m | exo.worker.runner.supervisor:<lambda>:184 ] [33m[1mRunner stderr: [fence-gate-diag] SETTER key=cache ok=True tid=8662072128 ctx_now={'engine': True, 'cache': True}[0m
[ 2026-09-03 19:00:35.416 | [33m[1mWARNING [0m | exo.worker.runner.supervisor:<lambda>:184 ] [33m[1mRunner stderr: [fence-gate-diag] SETTER key=cache ok=False tid=8662072128 ctx_now={'engine': True, 'cache': False}[0m
[ 2026-09-03 19:00:35.417 | [33m[1mWARNING [0m | exo.worker.runner.supervisor:<lambda>:184 ] [33m[1mRunner stderr: [fence-gate-diag] SETTER key=cache ok=True tid=8662072128 ctx_now={'engine': True, 'cache': True}[0m
[ 2026-09-03 19:00:35.420 | [33m[1mWARNING [0m | exo.worker.runner.supervisor:<lambda>:184 ] [33m[1mRunner stderr: [fence-gate-diag] SETTER key=cache ok=True tid=8662072128 ctx_now={'engine': True, 'cache': True}[0m
[ 2026-09-03 19:00:35.490 | [33m[1mWARNING [0m | exo.worker.runner.supervisor:<lambda>:184 ] [33m[1mRunner stderr: [fence-gate-diag] SETTER key=cache ok=False tid=8662072128 ctx_now={'engine': True, 'cache': False}[0m
[ 2026-09-03 19:00:35.490 | [33m[1mWARNING [0m | exo.worker.runner.supervisor:<lambda>:184 ] [33m[1mRunner stderr: [fence-gate-diag] SETTER key=cache ok=True tid=8662072128 ctx_now={'engine': True, 'cache': True}[0m
[ 2026-09-03 19:00:35.493 | [33m[1mWARNING [0m | exo.worker.runner.supervisor:<lambda>:184 ] [33m[1mRunner stderr: [fence-gate-diag] SETTER key=cache ok=True tid=8662072128 ctx_now={'engine': True, 'cache': True}[0m
[ 2026-09-03 19:00:35.551 | [33m[1mWARNING [0m | exo.worker.runner.supervisor:<lambda>:184 ] [33m[1mRunner stderr: [fence-gate-diag] SETTER key=cache ok=False tid=8662072128 ctx_now={'engine': True, 'cache': False}[0m
[ 2026-09-03 19:00:35.551 | [33m[1mWARNING [0m | exo.worker.runner.supervisor:<lambda>:184 ] [33m[1mRunner stderr: [fence-gate-diag] SETTER key=cache ok=True tid=8662072128 ctx_now={'engine': True, 'cache': True}[0m
[ 2026-09-03 19:00:35.555 | [33m[1mWARNING [0m | exo.worker.runner.supervisor:<lambda>:184 ] [33m[1mRunner stderr: [fence-gate-diag] SETTER key=cache ok=True tid=8662072128 ctx_now={'engine': True, 'cache': True}[0m
[ 2026-09-03 19:00:35.625 | [33m[1mWARNING [0m | exo.worker.runner.supervisor:<lambda>:184 ] [33m[1mRunner stderr: [fence-gate-diag] SETTER key=cache ok=False tid=8662072128 ctx_now={'engine': True, 'cache': False}[0m
[ 2026-09-03 19:00:35.626 | [33m[1mWARNING [0m | exo.worker.runner.supervisor:<lambda>:184 ] [33m[1mRunner stderr: [fence-gate-diag] SETTER key=cache ok=True tid=8662072128 ctx_now={'engine': True, 'cache': True}[0m
[ 2026-09-03 19:00:35.629 | [33m[1mWARNING [0m | exo.worker.runner.supervisor:<lambda>:184 ] [33m[1mRunner stderr: [fence-gate-diag] SETTER key=cache ok=True tid=8662072128 ctx_now={'engine': True, 'cache': True}[0m
[ 2026-09-03 19:00:35.686 | [33m[1mWARNING [0m | exo.worker.runner.supervisor:<lambda>:184 ] [33m[1mRunner stderr: [fence-gate-diag] SETTER key=cache ok=True tid=8662072128 ctx_now={'engine': True, 'cache': True}[0m
[ 2026-09-03 19:00:35.755 | [33m[1mWARNING [0m | exo.worker.runner.supervisor:<lambda>:184 ] [33m[1mRunner stderr: [fence-gate-diag] SETTER key=cache ok=False tid=8662072128 ctx_now={'engine': True, 'cache': False}[0m
[ 2026-09-03 19:00:35.756 | [33m[1mWARNING [0m | exo.worker.runner.supervisor:<lambda>:184 ] [33m[1mRunner stderr: [fence-gate-diag] SETTER key=cache ok=True tid=8662072128 ctx_now={'engine': True, 'cache': True}[0m
[ 2026-09-03 19:00:35.759 | [33m[1mWARNING [0m | exo.worker.runner.supervisor:<lambda>:184 ] [33m[1mRunner stderr: [BG_DECODE_PROBE pid=57255] step=16 wall_ms=66.11 gpu_ms=51.17 gpu_pct=77.4[0m
[ 2026-09-03 19:00:35.760 | [33m[1mWARNING [0m | exo.worker.runner.supervisor:<lambda>:184 ] [33m[1mRunner stderr: [fence-gate-diag] SETTER key=cache ok=True tid=8662072128 ctx_now={'engine': True, 'cache': True}[0m
[ 2026-09-03 19:00:35.847 | [33m[1mWARNING [0m | exo.worker.runner.supervisor:<lambda>:184 ] [33m[1mRunner stderr: [fence-gate-diag] SETTER key=cache ok=True tid=8662072128 ctx_now={'engine': True, 'cache': True}[0m
[ 2026-09-03 19:00:35.921 | [33m[1mWARNING [0m | exo.worker.runner.supervisor:<lambda>:184 ] [33m[1mRunner stderr: [fence-gate-diag] SETTER key=cache ok=True tid=8662072128 ctx_now={'engine': True, 'cache': True}[0m
[ 2026-09-03 19:00:35.995 | [33m[1mWARNING [0m | exo.worker.runner.supervisor:<lambda>:184 ] [33m[1mRunner stderr: [fence-gate-diag] SETTER key=cache ok=True tid=8662072128 ctx_now={'engine': True, 'cache': True}[0m
[ 2026-09-03 19:00:36.070 | [33m[1mWARNING [0m | exo.worker.runner.supervisor:<lambda>:184 ] [33m[1mRunner stderr: [fence-gate-diag] SETTER key=cache ok=True tid=8662072128 ctx_now={'engine': True, 'cache': True}[0m
[ 2026-09-03 19:00:36.144 | [33m[1mWARNING [0m | exo.worker.runner.supervisor:<lambda>:184 ] [33m[1mRunner stderr: [fence-gate-diag] SETTER key=cache ok=True tid=8662072128 ctx_now={'engine': True, 'cache': True}[0m
[ 2026-09-03 19:00:36.217 | [33m[1mWARNING [0m | exo.worker.runner.supervisor:<lambda>:184 ] [33m[1mRunner stderr: [fence-gate-diag] SETTER key=cache ok=True tid=8662072128 ctx_now={'engine': True, 'cache': True}[0m
[ 2026-09-03 19:00:36.276 | [33m[1mWARNING [0m | exo.worker.runner.supervisor:<lambda>:184 ] [33m[1mRunner stderr: [fence-gate-diag] SETTER key=cache ok=False tid=8662072128 ctx_now={'engine': True, 'cache': False}[0m
[ 2026-09-03 19:00:36.277 | [33m[1mWARNING [0m | exo.worker.runner.supervisor:<lambda>:184 ] [33m[1mRunner stderr: [fence-gate-diag] SETTER key=cache ok=True tid=8662072128 ctx_now={'engine': True, 'cache': True}[0m
[ 2026-09-03 19:00:36.280 | [33m[1mWARNING [0m | exo.worker.runner.supervisor:<lambda>:184 ] [33m[1mRunner stderr: [fence-gate-diag] SETTER key=cache ok=True tid=8662072128 ctx_now={'engine': True, 'cache': True}[0m
[ 2026-09-03 19:00:36.344 | [33m[1mWARNING [0m | exo.worker.runner.supervisor:<lambda>:184 ] [33m[1mRunner stderr: [fence-gate-diag] SETTER key=cache ok=True tid=8662072128 ctx_now={'engine': True, 'cache': True}[0m
[ 2026-09-03 19:00:36.414 | [33m[1mWARNING [0m | exo.worker.runner.supervisor:<lambda>:184 ] [33m[1mRunner stderr: [fence-gate-diag] SETTER key=cache ok=False tid=8662072128 ctx_now={'engine': True, 'cache': False}[0m
[ 2026-09-03 19:00:36.415 | [33m[1mWARNING [0m | exo.worker.runner.supervisor:<lambda>:184 ] [33m[1mRunner stderr: [fence-gate-diag] SETTER key=cache ok=True tid=8662072128 ctx_now={'engine': True, 'cache': True}[0m
[ 2026-09-03 19:00:36.418 | [33m[1mWARNING [0m | exo.worker.runner.supervisor:<lambda>:184 ] [33m[1mRunner stderr: [fence-gate-diag] SETTER key=cache ok=True tid=8662072128 ctx_now={'engine': True, 'cache': True}[0m
[ 2026-09-03 19:00:36.488 | [33m[1mWARNING [0m | exo.worker.runner.supervisor:<lambda>:184 ] [33m[1mRunner stderr: [fence-gate-diag] SETTER key=cache ok=False tid=8662072128 ctx_now={'engine': True, 'cache': False}[0m
[ 2026-09-03 19:00:36.489 | [33m[1mWARNING [0m | exo.worker.runner.supervisor:<lambda>:184 ] [33m[1mRunner stderr: [fence-gate-diag] SETTER key=cache ok=True tid=8662072128 ctx_now={'engine': True, 'cache': True}[0m
[ 2026-09-03 19:00:36.492 | [33m[1mWARNING [0m | exo.worker.runner.supervisor:<lambda>:184 ] [33m[1mRunner stderr: [fence-gate-diag] SETTER key=cache ok=True tid=8662072128 ctx_now={'engine': True, 'cache': True}[0m
[ 2026-09-03 19:00:36.542 | [33m[1mWARNING [0m | exo.worker.runner.supervisor:<lambda>:184 ] [33m[1mRunner stderr: [fence-gate-diag] SETTER key=cache ok=False tid=8662072128 ctx_now={'engine': True, 'cache': False}[0m
[ 2026-09-03 19:00:36.542 | [33m[1mWARNING [0m | exo.worker.runner.supervisor:<lambda>:184 ] [33m[1mRunner stderr: [fence-gate-diag] SETTER key=cache ok=True tid=8662072128 ctx_now={'engine': True, 'cache': True}[0m
[ 2026-09-03 19:00:36.545 | [33m[1mWARNING [0m | exo.worker.runner.supervisor:<lambda>:184 ] [33m[1mRunner stderr: [fence-gate-diag] SETTER key=cache ok=True tid=8662072128 ctx_now={'engine': True, 'cache': True}[0m
[ 2026-09-03 19:00:36.622 | [33m[1mWARNING [0m | exo.worker.runner.supervisor:<lambda>:184 ] [33m[1mRunner stderr: [fence-gate-diag] SETTER key=cache ok=True tid=8662072128 ctx_now={'engine': True, 'cache': True}[0m
[ 2026-09-03 19:00:36.694 | [33m[1mWARNING [0m | exo.worker.runner.supervisor:<lambda>:184 ] [33m[1mRunner stderr: [fence-gate-diag] SETTER key=cache ok=True tid=8662072128 ctx_now={'engine': True, 'cache': True}[0m
[ 2026-09-03 19:00:36.769 | [33m[1mWARNING [0m | exo.worker.runner.supervisor:<lambda>:184 ] [33m[1mRunner stderr: [fence-gate-diag] SETTER key=cache ok=True tid=8662072128 ctx_now={'engine': True, 'cache': True}[0m
[ 2026-09-03 19:00:36.830 | [33m[1mWARNING [0m | exo.worker.runner.supervisor:<lambda>:184 ] [33m[1mRunner stderr: [fence-gate-diag] SETTER key=engine ok=False tid=8662072128 ctx_now={'engine': False, 'cache': True}[0m
[ 2026-09-03 19:00:37.440 | [33m[1mWARNING [0m | exo.worker.runner.supervisor:<lambda>:184 ] [33m[1mRunner stderr: [fence-gate-diag] SETTER key=engine ok=False tid=8662072128 ctx_now={'engine': False, 'cache': True}[0m
[ 2026-09-03 19:00:39.478 | [33m[1mWARNING [0m | exo.worker.runner.supervisor:<lambda>:184 ] [33m[1mRunner stderr: [fence-gate-diag] n=3800 FENCE_ASYNC=True engine=False cache=True cache_registered=True B=1 MAX_B=1 L=2013[0m
[ 2026-09-03 19:00:44.275 | [33m[1mWARNING [0m | exo.worker.runner.supervisor:<lambda>:184 ] [33m[1mRunner stderr: [fence-gate-diag] SETTER key=cache ok=False tid=8662072128 ctx_now={'engine': False, 'cache': False}[0m
[ 2026-09-03 19:00:44.646 | [33m[1mWARNING [0m | exo.worker.runner.supervisor:<lambda>:184 ] [33m[1mRunner stderr: [fence-gate-diag] SETTER key=cache ok=False tid=8662072128 ctx_now={'engine': False, 'cache': False}[0m
[ 2026-09-03 19:00:44.646 | [33m[1mWARNING [0m | exo.worker.runner.supervisor:<lambda>:184 ] [33m[1mRunner stderr: [fence-gate-diag] SETTER key=cache ok=True tid=8662072128 ctx_now={'engine': False, 'cache': True}[0m
[ 2026-09-03 19:00:44.685 | [33m[1mWARNING [0m | exo.worker.runner.supervisor:<lambda>:184 ] [33m[1mRunner stderr: [fence-gate-diag] SETTER key=engine ok=True tid=8662072128 ctx_now={'engine': True, 'cache': True}[0m
[ 2026-09-03 19:00:44.734 | [33m[1mWARNING [0m | exo.worker.runner.supervisor:<lambda>:184 ] [33m[1mRunner stderr: [BG_DECODE_PROBE pid=57255] step=32 wall_ms=560.99 gpu_ms=385.91 gpu_pct=68.8[0m
[ 2026-09-03 19:00:44.815 | [33m[1mWARNING [0m | exo.worker.runner.supervisor:<lambda>:184 ] [33m[1mRunner stderr: [fence-gate-diag] SETTER key=cache ok=True tid=8662072128 ctx_now={'engine': True, 'cache': True}[0m
[ 2026-09-03 19:00:44.947 | [33m[1mWARNING [0m | exo.worker.runner.supervisor:<lambda>:184 ] [33m[1mRunner stderr: [fence-gate-diag] SETTER key=cache ok=False tid=8662072128 ctx_now={'engine': True, 'cache': False}[0m
[ 2026-09-03 19:00:44.948 | [33m[1mWARNING [0m | exo.worker.runner.supervisor:<lambda>:184 ] [33m[1mRunner stderr: [fence-gate-diag] SETTER key=cache ok=True tid=8662072128 ctx_now={'engine': True, 'cache': True}[0m
[ 2026-09-03 19:00:44.951 | [33m[1mWARNING [0m | exo.worker.runner.supervisor:<lambda>:184 ] [33m[1mRunner stderr: [fence-gate-diag] SETTER key=cache ok=True tid=8662072128 ctx_now={'engine': True, 'cache': True}[0m
[ 2026-09-03 19:00:45.033 | [33m[1mWARNING [0m | exo.worker.runner.supervisor:<lambda>:184 ] [33m[1mRunner stderr: [fence-gate-diag] SETTER key=cache ok=False tid=8662072128 ctx_now={'engine': True, 'cache': False}[0m
[ 2026-09-03 19:00:45.034 | [33m[1mWARNING [0m | exo.worker.runner.supervisor:<lambda>:184 ] [33m[1mRunner stderr: [fence-gate-diag] SETTER key=cache ok=True tid=8662072128 ctx_now={'engine': True, 'cache': True}[0m
[ 2026-09-03 19:00:45.037 | [33m[1mWARNING [0m | exo.worker.runner.supervisor:<lambda>:184 ] [33m[1mRunner stderr: [fence-gate-diag] SETTER key=cache ok=True tid=8662072128 ctx_now={'engine': True, 'cache': True}[0m
[ 2026-09-03 19:00:45.121 | [33m[1mWARNING [0m | exo.worker.runner.supervisor:<lambda>:184 ] [33m[1mRunner stderr: [fence-gate-diag] SETTER key=cache ok=False tid=8662072128 ctx_now={'engine': True, 'cache': False}[0m
[ 2026-09-03 19:00:45.122 | [33m[1mWARNING [0m | exo.worker.runner.supervisor:<lambda>:184 ] [33m[1mRunner stderr: [fence-gate-diag] SETTER key=cache ok=True tid=8662072128 ctx_now={'engine': True, 'cache': True}[0m
[ 2026-09-03 19:00:45.125 | [33m[1mWARNING [0m | exo.worker.runner.supervisor:<lambda>:184 ] [33m[1mRunner stderr: [fence-gate-diag] SETTER key=cache ok=True tid=8662072128 ctx_now={'engine': True, 'cache': True}[0m
[ 2026-09-03 19:00:45.192 | [33m[1mWARNING [0m | exo.worker.runner.supervisor:<lambda>:184 ] [33m[1mRunner stderr: [fence-gate-diag] SETTER key=cache ok=False tid=8662072128 ctx_now={'engine': True, 'cache': False}[0m
[ 2026-09-03 19:00:45.193 | [33m[1mWARNING [0m | exo.worker.runner.supervisor:<lambda>:184 ] [33m[1mRunner stderr: [fence-gate-diag] SETTER key=cache ok=True tid=8662072128 ctx_now={'engine': True, 'cache': True}[0m
[ 2026-09-03 19:00:45.196 | [33m[1mWARNING [0m | exo.worker.runner.supervisor:<lambda>:184 ] [33m[1mRunner stderr: [fence-gate-diag] SETTER key=cache ok=True tid=8662072128 ctx_now={'engine': True, 'cache': True}[0m
[ 2026-09-03 19:00:45.280 | [33m[1mWARNING [0m | exo.worker.runner.supervisor:<lambda>:184 ] [33m[1mRunner stderr: [fence-gate-diag] SETTER key=cache ok=False tid=8662072128 ctx_now={'engine': True, 'cache': False}[0m
[ 2026-09-03 19:00:45.281 | [33m[1mWARNING [0m | exo.worker.runner.supervisor:<lambda>:184 ] [33m[1mRunner stderr: [fence-gate-diag] SETTER key=cache ok=True tid=8662072128 ctx_now={'engine': True, 'cache': True}[0m
[ 2026-09-03 19:00:45.285 | [33m[1mWARNING [0m | exo.worker.runner.supervisor:<lambda>:184 ] [33m[1mRunner stderr: [fence-gate-diag] SETTER key=cache ok=True tid=8662072128 ctx_now={'engine': True, 'cache': True}[0m
[ 2026-09-03 19:00:45.355 | [33m[1mWARNING [0m | exo.worker.runner.supervisor:<lambda>:184 ] [33m[1mRunner stderr: [fence-gate-diag] SETTER key=cache ok=False tid=8662072128 ctx_now={'engine': True, 'cache': False}[0m
[ 2026-09-03 19:00:45.356 | [33m[1mWARNING [0m | exo.worker.runner.supervisor:<lambda>:184 ] [33m[1mRunner stderr: [fence-gate-diag] SETTER key=cache ok=True tid=8662072128 ctx_now={'engine': True, 'cache': True}[0m
[ 2026-09-03 19:00:45.359 | [33m[1mWARNING [0m | exo.worker.runner.supervisor:<lambda>:184 ] [33m[1mRunner stderr: [fence-gate-diag] SETTER key=cache ok=True tid=8662072128 ctx_now={'engine': True, 'cache': True}[0m
[ 2026-09-03 19:00:45.442 | [33m[1mWARNING [0m | exo.worker.runner.supervisor:<lambda>:184 ] [33m[1mRunner stderr: [fence-gate-diag] SETTER key=cache ok=False tid=8662072128 ctx_now={'engine': True, 'cache': False}[0m
[ 2026-09-03 19:00:45.443 | [33m[1mWARNING [0m | exo.worker.runner.supervisor:<lambda>:184 ] [33m[1mRunner stderr: [fence-gate-diag] SETTER key=cache ok=True tid=8662072128 ctx_now={'engine': True, 'cache': True}[0m
[ 2026-09-03 19:00:45.446 | [33m[1mWARNING [0m | exo.worker.runner.supervisor:<lambda>:184 ] [33m[1mRunner stderr: [fence-gate-diag] SETTER key=cache ok=True tid=8662072128 ctx_now={'engine': True, 'cache': True}[0m
[ 2026-09-03 19:00:45.521 | [33m[1mWARNING [0m | exo.worker.runner.supervisor:<lambda>:184 ] [33m[1mRunner stderr: [fence-gate-diag] SETTER key=cache ok=False tid=8662072128 ctx_now={'engine': True, 'cache': False}[0m
[ 2026-09-03 19:00:45.521 | [33m[1mWARNING [0m | exo.worker.runner.supervisor:<lambda>:184 ] [33m[1mRunner stderr: [fence-gate-diag] SETTER key=cache ok=True tid=8662072128 ctx_now={'engine': True, 'cache': True}[0m
[ 2026-09-03 19:00:45.525 | [33m[1mWARNING [0m | exo.worker.runner.supervisor:<lambda>:184 ] [33m[1mRunner stderr: [fence-gate-diag] SETTER key=cache ok=True tid=8662072128 ctx_now={'engine': True, 'cache': True}[0m
[ 2026-09-03 19:00:45.597 | [33m[1mWARNING [0m | exo.worker.runner.supervisor:<lambda>:184 ] [33m[1mRunner stderr: [fence-gate-diag] SETTER key=cache ok=False tid=8662072128 ctx_now={'engine': True, 'cache': False}[0m
[ 2026-09-03 19:00:45.598 | [33m[1mWARNING [0m | exo.worker.runner.supervisor:<lambda>:184 ] [33m[1mRunner stderr: [fence-gate-diag] SETTER key=cache ok=True tid=8662072128 ctx_now={'engine': True, 'cache': True}[0m
[ 2026-09-03 19:00:45.601 | [33m[1mWARNING [0m | exo.worker.runner.supervisor:<lambda>:184 ] [33m[1mRunner stderr: [fence-gate-diag] SETTER key=cache ok=True tid=8662072128 ctx_now={'engine': True, 'cache': True}[0m
[ 2026-09-03 19:00:45.698 | [33m[1mWARNING [0m | exo.worker.runner.supervisor:<lambda>:184 ] [33m[1mRunner stderr: [fence-gate-diag] SETTER key=cache ok=True tid=8662072128 ctx_now={'engine': True, 'cache': True}[0m
[ 2026-09-03 19:00:45.785 | [33m[1mWARNING [0m | exo.worker.runner.supervisor:<lambda>:184 ] [33m[1mRunner stderr: [fence-gate-diag] SETTER key=cache ok=True tid=8662072128 ctx_now={'engine': True, 'cache': True}[0m
[ 2026-09-03 19:00:45.874 | [33m[1mWARNING [0m | exo.worker.runner.supervisor:<lambda>:184 ] [33m[1mRunner stderr: [fence-gate-diag] SETTER key=cache ok=True tid=8662072128 ctx_now={'engine': True, 'cache': True}[0m
[ 2026-09-03 19:00:45.947 | [33m[1mWARNING [0m | exo.worker.runner.supervisor:<lambda>:184 ] [33m[1mRunner stderr: [fence-gate-diag] SETTER key=cache ok=True tid=8662072128 ctx_now={'engine': True, 'cache': True}[0m
[ 2026-09-03 19:00:46.008 | [33m[1mWARNING [0m | exo.worker.runner.supervisor:<lambda>:184 ] [33m[1mRunner stderr: [BG_DECODE_PROBE pid=57255] step=48 wall_ms=79.53 gpu_ms=82.73 gpu_pct=104.0[0m
[ 2026-09-03 19:00:46.008 | [33m[1mWARNING [0m | exo.worker.runner.supervisor:<lambda>:184 ] [33m[1mRunner stderr: [fence-gate-diag] SETTER key=cache ok=True tid=8662072128 ctx_now={'engine': True, 'cache': True}[0m
[ 2026-09-03 19:00:46.108 | [33m[1mWARNING [0m | exo.worker.runner.supervisor:<lambda>:184 ] [33m[1mRunner stderr: [fence-gate-diag] SETTER key=cache ok=False tid=8662072128 ctx_now={'engine': True, 'cache': False}[0m
[ 2026-09-03 19:00:46.109 | [33m[1mWARNING [0m | exo.worker.runner.supervisor:<lambda>:184 ] [33m[1mRunner stderr: [fence-gate-diag] SETTER key=cache ok=True tid=8662072128 ctx_now={'engine': True, 'cache': True}[0m
[ 2026-09-03 19:00:46.113 | [33m[1mWARNING [0m | exo.worker.runner.supervisor:<lambda>:184 ] [33m[1mRunner stderr: [fence-gate-diag] SETTER key=cache ok=True tid=8662072128 ctx_now={'engine': True, 'cache': True}[0m
[ 2026-09-03 19:00:46.187 | [33m[1mWARNING [0m | exo.worker.runner.supervisor:<lambda>:184 ] [33m[1mRunner stderr: [fence-gate-diag] SETTER key=cache ok=False tid=8662072128 ctx_now={'engine': True, 'cache': False}[0m
[ 2026-09-03 19:00:46.188 | [33m[1mWARNING [0m | exo.worker.runner.supervisor:<lambda>:184 ] [33m[1mRunner stderr: [fence-gate-diag] SETTER key=cache ok=True tid=8662072128 ctx_now={'engine': True, 'cache': True}[0m
[ 2026-09-03 19:00:46.191 | [33m[1mWARNING [0m | exo.worker.runner.supervisor:<lambda>:184 ] [33m[1mRunner stderr: [fence-gate-diag] SETTER key=cache ok=True tid=8662072128 ctx_now={'engine': True, 'cache': True}[0m
[ 2026-09-03 19:00:46.250 | [33m[1mWARNING [0m | exo.worker.runner.supervisor:<lambda>:184 ] [33m[1mRunner stderr: [fence-gate-diag] SETTER key=cache ok=False tid=8662072128 ctx_now={'engine': True, 'cache': False}[0m
[ 2026-09-03 19:00:46.250 | [33m[1mWARNING [0m | exo.worker.runner.supervisor:<lambda>:184 ] [33m[1mRunner stderr: [fence-gate-diag] SETTER key=cache ok=True tid=8662072128 ctx_now={'engine': True, 'cache': True}[0m
[ 2026-09-03 19:00:46.254 | [33m[1mWARNING [0m | exo.worker.runner.supervisor:<lambda>:184 ] [33m[1mRunner stderr: [fence-gate-diag] SETTER key=cache ok=True tid=8662072128 ctx_now={'engine': True, 'cache': True}[0m
[ 2026-09-03 19:00:46.320 | [33m[1mWARNING [0m | exo.worker.runner.supervisor:<lambda>:184 ] [33m[1mRunner stderr: [fence-gate-diag] SETTER key=cache ok=False tid=8662072128 ctx_now={'engine': True, 'cache': False}[0m
[ 2026-09-03 19:00:46.321 | [33m[1mWARNING [0m | exo.worker.runner.supervisor:<lambda>:184 ] [33m[1mRunner stderr: [fence-gate-diag] SETTER key=cache ok=True tid=8662072128 ctx_now={'engine': True, 'cache': True}[0m
[ 2026-09-03 19:00:46.324 | [33m[1mWARNING [0m | exo.worker.runner.supervisor:<lambda>:184 ] [33m[1mRunner stderr: [fence-gate-diag] SETTER key=cache ok=True tid=8662072128 ctx_now={'engine': True, 'cache': True}[0m
[ 2026-09-03 19:00:46.426 | [33m[1mWARNING [0m | exo.worker.runner.supervisor:<lambda>:184 ] [33m[1mRunner stderr: [fence-gate-diag] SETTER key=cache ok=False tid=8662072128 ctx_now={'engine': True, 'cache': False}[0m
[ 2026-09-03 19:00:46.427 | [33m[1mWARNING [0m | exo.worker.runner.supervisor:<lambda>:184 ] [33m[1mRunner stderr: [fence-gate-diag] SETTER key=cache ok=True tid=8662072128 ctx_now={'engine': True, 'cache': True}[0m
[ 2026-09-03 19:00:46.430 | [33m[1mWARNING [0m | exo.worker.runner.supervisor:<lambda>:184 ] [33m[1mRunner stderr: [fence-gate-diag] SETTER key=cache ok=True tid=8662072128 ctx_now={'engine': True, 'cache': True}[0m
[ 2026-09-03 19:00:46.490 | [33m[1mWARNING [0m | exo.worker.runner.supervisor:<lambda>:184 ] [33m[1mRunner stderr: [fence-gate-diag] SETTER key=cache ok=False tid=8662072128 ctx_now={'engine': True, 'cache': False}[0m
[ 2026-09-03 19:00:46.491 | [33m[1mWARNING [0m | exo.worker.runner.supervisor:<lambda>:184 ] [33m[1mRunner stderr: [fence-gate-diag] SETTER key=cache ok=True tid=8662072128 ctx_now={'engine': True, 'cache': True}[0m
[ 2026-09-03 19:00:46.495 | [33m[1mWARNING [0m | exo.worker.runner.supervisor:<lambda>:184 ] [33m[1mRunner stderr: [fence-gate-diag] SETTER key=cache ok=True tid=8662072128 ctx_now={'engine': True, 'cache': True}[0m
[ 2026-09-03 19:00:46.587 | [33m[1mWARNING [0m | exo.worker.runner.supervisor:<lambda>:184 ] [33m[1mRunner stderr: [fence-gate-diag] SETTER key=cache ok=True tid=8662072128 ctx_now={'engine': True, 'cache': True}[0m
[ 2026-09-03 19:00:46.674 | [33m[1mWARNING [0m | exo.worker.runner.supervisor:<lambda>:184 ] [33m[1mRunner stderr: [fence-gate-diag] SETTER key=cache ok=False tid=8662072128 ctx_now={'engine': True, 'cache': False}[0m
[ 2026-09-03 19:00:46.674 | [33m[1mWARNING [0m | exo.worker.runner.supervisor:<lambda>:184 ] [33m[1mRunner stderr: [fence-gate-diag] SETTER key=cache ok=True tid=8662072128 ctx_now={'engine': True, 'cache': True}[0m
[ 2026-09-03 19:00:46.677 | [33m[1mWARNING [0m | exo.worker.runner.supervisor:<lambda>:184 ] [33m[1mRunner stderr: [fence-gate-diag] SETTER key=cache ok=True tid=8662072128 ctx_now={'engine': True, 'cache': True}[0m
[ 2026-09-03 19:00:46.767 | [33m[1mWARNING [0m | exo.worker.runner.supervisor:<lambda>:184 ] [33m[1mRunner stderr: [fence-gate-diag] SETTER key=cache ok=False tid=8662072128 ctx_now={'engine': True, 'cache': False}[0m
[ 2026-09-03 19:00:46.768 | [33m[1mWARNING [0m | exo.worker.runner.supervisor:<lambda>:184 ] [33m[1mRunner stderr: [fence-gate-diag] SETTER key=cache ok=True tid=8662072128 ctx_now={'engine': True, 'cache': True}[0m
[ 2026-09-03 19:00:46.772 | [33m[1mWARNING [0m | exo.worker.runner.supervisor:<lambda>:184 ] [33m[1mRunner stderr: [fence-gate-diag] SETTER key=cache ok=True tid=8662072128 ctx_now={'engine': True, 'cache': True}[0m
[ 2026-09-03 19:00:46.828 | [33m[1mWARNING [0m | exo.worker.runner.supervisor:<lambda>:184 ] [33m[1mRunner stderr: [fence-gate-diag] SETTER key=cache ok=False tid=8662072128 ctx_now={'engine': True, 'cache': False}[0m
[ 2026-09-03 19:00:46.829 | [33m[1mWARNING [0m | exo.worker.runner.supervisor:<lambda>:184 ] [33m[1mRunner stderr: [fence-gate-diag] SETTER key=cache ok=True tid=8662072128 ctx_now={'engine': True, 'cache': True}[0m
[ 2026-09-03 19:00:46.832 | [33m[1mWARNING [0m | exo.worker.runner.supervisor:<lambda>:184 ] [33m[1mRunner stderr: [fence-gate-diag] SETTER key=cache ok=True tid=8662072128 ctx_now={'engine': True, 'cache': True}[0m
[ 2026-09-03 19:00:46.906 | [33m[1mWARNING [0m | exo.worker.runner.supervisor:<lambda>:184 ] [33m[1mRunner stderr: [fence-gate-diag] SETTER key=cache ok=False tid=8662072128 ctx_now={'engine': True, 'cache': False}[0m
[ 2026-09-03 19:00:46.906 | [33m[1mWARNING [0m | exo.worker.runner.supervisor:<lambda>:184 ] [33m[1mRunner stderr: [fence-gate-diag] SETTER key=cache ok=True tid=8662072128 ctx_now={'engine': True, 'cache': True}[0m
[ 2026-09-03 19:00:46.910 | [33m[1mWARNING [0m | exo.worker.runner.supervisor:<lambda>:184 ] [33m[1mRunner stderr: [fence-gate-diag] SETTER key=cache ok=True tid=8662072128 ctx_now={'engine': True, 'cache': True}[0m
[ 2026-09-03 19:00:46.979 | [33m[1mWARNING [0m | exo.worker.runner.supervisor:<lambda>:184 ] [33m[1mRunner stderr: [fence-gate-diag] SETTER key=cache ok=False tid=8662072128 ctx_now={'engine': True, 'cache': False}[0m
[ 2026-09-03 19:00:46.979 | [33m[1mWARNING [0m | exo.worker.runner.supervisor:<lambda>:184 ] [33m[1mRunner stderr: [fence-gate-diag] SETTER key=cache ok=True tid=8662072128 ctx_now={'engine': True, 'cache': True}[0m
[ 2026-09-03 19:00:46.983 | [33m[1mWARNING [0m | exo.worker.runner.supervisor:<lambda>:184 ] [33m[1mRunner stderr: [fence-gate-diag] SETTER key=cache ok=True tid=8662072128 ctx_now={'engine': True, 'cache': True}[0m
[ 2026-09-03 19:00:47.039 | [33m[1mWARNING [0m | exo.worker.runner.supervisor:<lambda>:184 ] [33m[1mRunner stderr: [fence-gate-diag] SETTER key=cache ok=False tid=8662072128 ctx_now={'engine': True, 'cache': False}[0m
[ 2026-09-03 19:00:47.039 | [33m[1mWARNING [0m | exo.worker.runner.supervisor:<lambda>:184 ] [33m[1mRunner stderr: [fence-gate-diag] SETTER key=cache ok=True tid=8662072128 ctx_now={'engine': True, 'cache': True}[0m
[ 2026-09-03 19:00:47.043 | [33m[1mWARNING [0m | exo.worker.runner.supervisor:<lambda>:184 ] [33m[1mRunner stderr: [fence-gate-diag] SETTER key=cache ok=True tid=8662072128 ctx_now={'engine': True, 'cache': True}[0m
[ 2026-09-03 19:00:47.122 | [33m[1mWARNING [0m | exo.worker.runner.supervisor:<lambda>:184 ] [33m[1mRunner stderr: [fence-gate-diag] SETTER key=cache ok=True tid=8662072128 ctx_now={'engine': True, 'cache': True}[0m
[ 2026-09-03 19:00:47.196 | [33m[1mWARNING [0m | exo.worker.runner.supervisor:<lambda>:184 ] [33m[1mRunner stderr: [fence-gate-diag] SETTER key=cache ok=False tid=8662072128 ctx_now={'engine': True, 'cache': False}[0m
[ 2026-09-03 19:00:47.197 | [33m[1mWARNING [0m | exo.worker.runner.supervisor:<lambda>:184 ] [33m[1mRunner stderr: [fence-gate-diag] SETTER key=cache ok=True tid=8662072128 ctx_now={'engine': True, 'cache': True}[0m
[ 2026-09-03 19:00:47.201 | [33m[1mWARNING [0m | exo.worker.runner.supervisor:<lambda>:184 ] [33m[1mRunner stderr: [fence-gate-diag] SETTER key=cache ok=True tid=8662072128 ctx_now={'engine': True, 'cache': True}[0m
[ 2026-09-03 19:00:47.274 | [33m[1mWARNING [0m | exo.worker.runner.supervisor:<lambda>:184 ] [33m[1mRunner stderr: [fence-gate-diag] SETTER key=cache ok=False tid=8662072128 ctx_now={'engine': True, 'cache': False}[0m
[ 2026-09-03 19:00:47.275 | [33m[1mWARNING [0m | exo.worker.runner.supervisor:<lambda>:184 ] [33m[1mRunner stderr: [fence-gate-diag] SETTER key=cache ok=True tid=8662072128 ctx_now={'engine': True, 'cache': True}[0m
[ 2026-09-03 19:00:47.277 | [33m[1mWARNING [0m | exo.worker.runner.supervisor:<lambda>:184 ] [33m[1mRunner stderr: [BG_DECODE_PROBE pid=57255] step=64 wall_ms=79.37 gpu_ms=94.21 gpu_pct=118.7[0m
[ 2026-09-03 19:00:47.278 | [33m[1mWARNING [0m | exo.worker.runner.supervisor:<lambda>:184 ] [33m[1mRunner stderr: [fence-gate-diag] SETTER key=cache ok=True tid=8662072128 ctx_now={'engine': True, 'cache': True}[0m
[ 2026-09-03 19:00:47.351 | [33m[1mWARNING [0m | exo.worker.runner.supervisor:<lambda>:184 ] [33m[1mRunner stderr: [fence-gate-diag] SETTER key=cache ok=True tid=8662072128 ctx_now={'engine': True, 'cache': True}[0m
[ 2026-09-03 19:00:47.441 | [33m[1mWARNING [0m | exo.worker.runner.supervisor:<lambda>:184 ] [33m[1mRunner stderr: [fence-gate-diag] SETTER key=cache ok=False tid=8662072128 ctx_now={'engine': True, 'cache': False}[0m
[ 2026-09-03 19:00:47.441 | [33m[1mWARNING [0m | exo.worker.runner.supervisor:<lambda>:184 ] [33m[1mRunner stderr: [fence-gate-diag] SETTER key=cache ok=True tid=8662072128 ctx_now={'engine': True, 'cache': True}[0m
[ 2026-09-03 19:00:47.444 | [33m[1mWARNING [0m | exo.worker.runner.supervisor:<lambda>:184 ] [33m[1mRunner stderr: [fence-gate-diag] SETTER key=cache ok=True tid=8662072128 ctx_now={'engine': True, 'cache': True}[0m
[ 2026-09-03 19:00:47.535 | [33m[1mWARNING [0m | exo.worker.runner.supervisor:<lambda>:184 ] [33m[1mRunner stderr: [fence-gate-diag] SETTER key=cache ok=False tid=8662072128 ctx_now={'engine': True, 'cache': False}[0m
[ 2026-09-03 19:00:47.536 | [33m[1mWARNING [0m | exo.worker.runner.supervisor:<lambda>:184 ] [33m[1mRunner stderr: [fence-gate-diag] SETTER key=cache ok=True tid=8662072128 ctx_now={'engine': True, 'cache': True}[0m
[ 2026-09-03 19:00:47.540 | [33m[1mWARNING [0m | exo.worker.runner.supervisor:<lambda>:184 ] [33m[1mRunner stderr: [fence-gate-diag] SETTER key=cache ok=True tid=8662072128 ctx_now={'engine': True, 'cache': True}[0m
[ 2026-09-03 19:00:47.627 | [33m[1mWARNING [0m | exo.worker.runner.supervisor:<lambda>:184 ] [33m[1mRunner stderr: [fence-gate-diag] SETTER key=cache ok=False tid=8662072128 ctx_now={'engine': True, 'cache': False}[0m
[ 2026-09-03 19:00:47.628 | [33m[1mWARNING [0m | exo.worker.runner.supervisor:<lambda>:184 ] [33m[1mRunner stderr: [fence-gate-diag] SETTER key=cache ok=True tid=8662072128 ctx_now={'engine': True, 'cache': True}[0m
[ 2026-09-03 19:00:47.632 | [33m[1mWARNING [0m | exo.worker.runner.supervisor:<lambda>:184 ] [33m[1mRunner stderr: [fence-gate-diag] SETTER key=cache ok=True tid=8662072128 ctx_now={'engine': True, 'cache': True}[0m
[ 2026-09-03 19:00:47.689 | [33m[1mWARNING [0m | exo.worker.runner.supervisor:<lambda>:184 ] [33m[1mRunner stderr: [fence-gate-diag] SETTER key=cache ok=False tid=8662072128 ctx_now={'engine': True, 'cache': False}[0m
[ 2026-09-03 19:00:47.689 | [33m[1mWARNING [0m | exo.worker.runner.supervisor:<lambda>:184 ] [33m[1mRunner stderr: [fence-gate-diag] SETTER key=cache ok=True tid=8662072128 ctx_now={'engine': True, 'cache': True}[0m
[ 2026-09-03 19:00:47.692 | [33m[1mWARNING [0m | exo.worker.runner.supervisor:<lambda>:184 ] [33m[1mRunner stderr: [fence-gate-diag] SETTER key=cache ok=True tid=8662072128 ctx_now={'engine': True, 'cache': True}[0m
[ 2026-09-03 19:00:47.767 | [33m[1mWARNING [0m | exo.worker.runner.supervisor:<lambda>:184 ] [33m[1mRunner stderr: [fence-gate-diag] SETTER key=cache ok=False tid=8662072128 ctx_now={'engine': True, 'cache': False}[0m
[ 2026-09-03 19:00:47.769 | [33m[1mWARNING [0m | exo.worker.runner.supervisor:<lambda>:184 ] [33m[1mRunner stderr: [fence-gate-diag] SETTER key=cache ok=True tid=8662072128 ctx_now={'engine': True, 'cache': True}[0m
[ 2026-09-03 19:00:47.772 | [33m[1mWARNING [0m | exo.worker.runner.supervisor:<lambda>:184 ] [33m[1mRunner stderr: [fence-gate-diag] SETTER key=cache ok=True tid=8662072128 ctx_now={'engine': True, 'cache': True}[0m
[ 2026-09-03 19:00:47.863 | [33m[1mWARNING [0m | exo.worker.runner.supervisor:<lambda>:184 ] [33m[1mRunner stderr: [fence-gate-diag] SETTER key=cache ok=True tid=8662072128 ctx_now={'engine': True, 'cache': True}[0m
[ 2026-09-03 19:00:47.939 | [33m[1mWARNING [0m | exo.worker.runner.supervisor:<lambda>:184 ] [33m[1mRunner stderr: [fence-gate-diag] SETTER key=cache ok=True tid=8662072128 ctx_now={'engine': True, 'cache': True}[0m
[ 2026-09-03 19:00:48.002 | [33m[1mWARNING [0m | exo.worker.runner.supervisor:<lambda>:184 ] [33m[1mRunner stderr: [fence-gate-diag] SETTER key=cache ok=True tid=8662072128 ctx_now={'engine': True, 'cache': True}[0m
[ 2026-09-03 19:00:48.097 | [33m[1mWARNING [0m | exo.worker.runner.supervisor:<lambda>:184 ] [33m[1mRunner stderr: [fence-gate-diag] SETTER key=cache ok=True tid=8662072128 ctx_now={'engine': True, 'cache': True}[0m
[ 2026-09-03 19:00:48.184 | [33m[1mWARNING [0m | exo.worker.runner.supervisor:<lambda>:184 ] [33m[1mRunner stderr: [fence-gate-diag] SETTER key=cache ok=False tid=8662072128 ctx_now={'engine': True, 'cache': False}[0m
[ 2026-09-03 19:00:48.186 | [33m[1mWARNING [0m | exo.worker.runner.supervisor:<lambda>:184 ] [33m[1mRunner stderr: [fence-gate-diag] SETTER key=cache ok=True tid=8662072128 ctx_now={'engine': True, 'cache': True}[0m
[ 2026-09-03 19:00:48.190 | [33m[1mWARNING [0m | exo.worker.runner.supervisor:<lambda>:184 ] [33m[1mRunner stderr: [fence-gate-diag] SETTER key=cache ok=True tid=8662072128 ctx_now={'engine': True, 'cache': True}[0m
[ 2026-09-03 19:00:48.262 | [33m[1mWARNING [0m | exo.worker.runner.supervisor:<lambda>:184 ] [33m[1mRunner stderr: [fence-gate-diag] SETTER key=cache ok=False tid=8662072128 ctx_now={'engine': True, 'cache': False}[0m
[ 2026-09-03 19:00:48.262 | [33m[1mWARNING [0m | exo.worker.runner.supervisor:<lambda>:184 ] [33m[1mRunner stderr: [fence-gate-diag] SETTER key=cache ok=True tid=8662072128 ctx_now={'engine': True, 'cache': True}[0m
[ 2026-09-03 19:00:48.266 | [33m[1mWARNING [0m | exo.worker.runner.supervisor:<lambda>:184 ] [33m[1mRunner stderr: [fence-gate-diag] SETTER key=cache ok=True tid=8662072128 ctx_now={'engine': True, 'cache': True}[0m
[ 2026-09-03 19:00:48.335 | [33m[1mWARNING [0m | exo.worker.runner.supervisor:<lambda>:184 ] [33m[1mRunner stderr: [fence-gate-diag] SETTER key=cache ok=False tid=8662072128 ctx_now={'engine': True, 'cache': False}[0m
[ 2026-09-03 19:00:48.336 | [33m[1mWARNING [0m | exo.worker.runner.supervisor:<lambda>:184 ] [33m[1mRunner stderr: [fence-gate-diag] SETTER key=cache ok=True tid=8662072128 ctx_now={'engine': True, 'cache': True}[0m
[ 2026-09-03 19:00:48.339 | [33m[1mWARNING [0m | exo.worker.runner.supervisor:<lambda>:184 ] [33m[1mRunner stderr: [fence-gate-diag] SETTER key=cache ok=True tid=8662072128 ctx_now={'engine': True, 'cache': True}[0m
[ 2026-09-03 19:00:48.414 | [33m[1mWARNING [0m | exo.worker.runner.supervisor:<lambda>:184 ] [33m[1mRunner stderr: [fence-gate-diag] SETTER key=cache ok=False tid=8662072128 ctx_now={'engine': True, 'cache': False}[0m
[ 2026-09-03 19:00:48.415 | [33m[1mWARNING [0m | exo.worker.runner.supervisor:<lambda>:184 ] [33m[1mRunner stderr: [fence-gate-diag] SETTER key=cache ok=True tid=8662072128 ctx_now={'engine': True, 'cache': True}[0m
[ 2026-09-03 19:00:48.419 | [33m[1mWARNING [0m | exo.worker.runner.supervisor:<lambda>:184 ] [33m[1mRunner stderr: [fence-gate-diag] SETTER key=cache ok=True tid=8662072128 ctx_now={'engine': True, 'cache': True}[0m
[ 2026-09-03 19:00:48.490 | [33m[1mWARNING [0m | exo.worker.runner.supervisor:<lambda>:184 ] [33m[1mRunner stderr: [fence-gate-diag] SETTER key=cache ok=False tid=8662072128 ctx_now={'engine': True, 'cache': False}[0m
[ 2026-09-03 19:00:48.491 | [33m[1mWARNING [0m | exo.worker.runner.supervisor:<lambda>:184 ] [33m[1mRunner stderr: [fence-gate-diag] SETTER key=cache ok=True tid=8662072128 ctx_now={'engine': True, 'cache': True}[0m
[ 2026-09-03 19:00:48.494 | [33m[1mWARNING [0m | exo.worker.runner.supervisor:<lambda>:184 ] [33m[1mRunner stderr: [fence-gate-diag] SETTER key=cache ok=True tid=8662072128 ctx_now={'engine': True, 'cache': True}[0m
[ 2026-09-03 19:00:48.584 | [33m[1mWARNING [0m | exo.worker.runner.supervisor:<lambda>:184 ] [33m[1mRunner stderr: [fence-gate-diag] SETTER key=cache ok=False tid=8662072128 ctx_now={'engine': True, 'cache': False}[0m
[ 2026-09-03 19:00:48.585 | [33m[1mWARNING [0m | exo.worker.runner.supervisor:<lambda>:184 ] [33m[1mRunner stderr: [fence-gate-diag] SETTER key=cache ok=True tid=8662072128 ctx_now={'engine': True, 'cache': True}[0m
[ 2026-09-03 19:00:48.588 | [33m[1mWARNING [0m | exo.worker.runner.supervisor:<lambda>:184 ] [33m[1mRunner stderr: [BG_DECODE_PROBE pid=57255] step=80 wall_ms=81.91 gpu_ms=109.76 gpu_pct=134.0[0m
[ 2026-09-03 19:00:48.588 | [33m[1mWARNING [0m | exo.worker.runner.supervisor:<lambda>:184 ] [33m[1mRunner stderr: [fence-gate-diag] SETTER key=cache ok=True tid=8662072128 ctx_now={'engine': True, 'cache': True}[0m
[ 2026-09-03 19:00:48.648 | [33m[1mWARNING [0m | exo.worker.runner.supervisor:<lambda>:184 ] [33m[1mRunner stderr: [fence-gate-diag] SETTER key=cache ok=False tid=8662072128 ctx_now={'engine': True, 'cache': False}[0m
[ 2026-09-03 19:00:48.649 | [33m[1mWARNING [0m | exo.worker.runner.supervisor:<lambda>:184 ] [33m[1mRunner stderr: [fence-gate-diag] SETTER key=cache ok=True tid=8662072128 ctx_now={'engine': True, 'cache': True}[0m
[ 2026-09-03 19:00:48.652 | [33m[1mWARNING [0m | exo.worker.runner.supervisor:<lambda>:184 ] [33m[1mRunner stderr: [fence-gate-diag] SETTER key=cache ok=True tid=8662072128 ctx_now={'engine': True, 'cache': True}[0m
[ 2026-09-03 19:00:48.738 | [33m[1mWARNING [0m | exo.worker.runner.supervisor:<lambda>:184 ] [33m[1mRunner stderr: [fence-gate-diag] SETTER key=cache ok=False tid=8662072128 ctx_now={'engine': True, 'cache': False}[0m
[ 2026-09-03 19:00:48.739 | [33m[1mWARNING [0m | exo.worker.runner.supervisor:<lambda>:184 ] [33m[1mRunner stderr: [fence-gate-diag] SETTER key=cache ok=True tid=8662072128 ctx_now={'engine': True, 'cache': True}[0m
[ 2026-09-03 19:00:48.742 | [33m[1mWARNING [0m | exo.worker.runner.supervisor:<lambda>:184 ] [33m[1mRunner stderr: [fence-gate-diag] SETTER key=cache ok=True tid=8662072128 ctx_now={'engine': True, 'cache': True}[0m
[ 2026-09-03 19:00:48.812 | [33m[1mWARNING [0m | exo.worker.runner.supervisor:<lambda>:184 ] [33m[1mRunner stderr: [fence-gate-diag] SETTER key=cache ok=False tid=8662072128 ctx_now={'engine': True, 'cache': False}[0m
[ 2026-09-03 19:00:48.812 | [33m[1mWARNING [0m | exo.worker.runner.supervisor:<lambda>:184 ] [33m[1mRunner stderr: [fence-gate-diag] SETTER key=cache ok=True tid=8662072128 ctx_now={'engine': True, 'cache': True}[0m
[ 2026-09-03 19:00:48.815 | [33m[1mWARNING [0m | exo.worker.runner.supervisor:<lambda>:184 ] [33m[1mRunner stderr: [fence-gate-diag] SETTER key=cache ok=True tid=8662072128 ctx_now={'engine': True, 'cache': True}[0m
[ 2026-09-03 19:00:48.906 | [33m[1mWARNING [0m | exo.worker.runner.supervisor:<lambda>:184 ] [33m[1mRunner stderr: [fence-gate-diag] SETTER key=cache ok=False tid=8662072128 ctx_now={'engine': True, 'cache': False}[0m
[ 2026-09-03 19:00:48.907 | [33m[1mWARNING [0m | exo.worker.runner.supervisor:<lambda>:184 ] [33m[1mRunner stderr: [fence-gate-diag] SETTER key=cache ok=True tid=8662072128 ctx_now={'engine': True, 'cache': True}[0m
[ 2026-09-03 19:00:48.910 | [33m[1mWARNING [0m | exo.worker.runner.supervisor:<lambda>:184 ] [33m[1mRunner stderr: [fence-gate-diag] SETTER key=cache ok=True tid=8662072128 ctx_now={'engine': True, 'cache': True}[0m
[ 2026-09-03 19:00:48.969 | [33m[1mWARNING [0m | exo.worker.runner.supervisor:<lambda>:184 ] [33m[1mRunner stderr: [fence-gate-diag] SETTER key=cache ok=False tid=8662072128 ctx_now={'engine': True, 'cache': False}[0m
[ 2026-09-03 19:00:48.970 | [33m[1mWARNING [0m | exo.worker.runner.supervisor:<lambda>:184 ] [33m[1mRunner stderr: [fence-gate-diag] SETTER key=cache ok=True tid=8662072128 ctx_now={'engine': True, 'cache': True}[0m
[ 2026-09-03 19:00:48.974 | [33m[1mWARNING [0m | exo.worker.runner.supervisor:<lambda>:184 ] [33m[1mRunner stderr: [fence-gate-diag] SETTER key=cache ok=True tid=8662072128 ctx_now={'engine': True, 'cache': True}[0m
[ 2026-09-03 19:00:49.061 | [33m[1mWARNING [0m | exo.worker.runner.supervisor:<lambda>:184 ] [33m[1mRunner stderr: [fence-gate-diag] SETTER key=cache ok=False tid=8662072128 ctx_now={'engine': True, 'cache': False}[0m
[ 2026-09-03 19:00:49.062 | [33m[1mWARNING [0m | exo.worker.runner.supervisor:<lambda>:184 ] [33m[1mRunner stderr: [fence-gate-diag] SETTER key=cache ok=True tid=8662072128 ctx_now={'engine': True, 'cache': True}[0m
[ 2026-09-03 19:00:49.065 | [33m[1mWARNING [0m | exo.worker.runner.supervisor:<lambda>:184 ] [33m[1mRunner stderr: [fence-gate-diag] SETTER key=cache ok=True tid=8662072128 ctx_now={'engine': True, 'cache': True}[0m
[ 2026-09-03 19:00:49.140 | [33m[1mWARNING [0m | exo.worker.runner.supervisor:<lambda>:184 ] [33m[1mRunner stderr: [fence-gate-diag] SETTER key=cache ok=False tid=8662072128 ctx_now={'engine': True, 'cache': False}[0m
[ 2026-09-03 19:00:49.141 | [33m[1mWARNING [0m | exo.worker.runner.supervisor:<lambda>:184 ] [33m[1mRunner stderr: [fence-gate-diag] SETTER key=cache ok=True tid=8662072128 ctx_now={'engine': True, 'cache': True}[0m
[ 2026-09-03 19:00:49.144 | [33m[1mWARNING [0m | exo.worker.runner.supervisor:<lambda>:184 ] [33m[1mRunner stderr: [fence-gate-diag] SETTER key=cache ok=True tid=8662072128 ctx_now={'engine': True, 'cache': True}[0m
[ 2026-09-03 19:00:49.203 | [33m[1mWARNING [0m | exo.worker.runner.supervisor:<lambda>:184 ] [33m[1mRunner stderr: [fence-gate-diag] SETTER key=cache ok=False tid=8662072128 ctx_now={'engine': True, 'cache': False}[0m
[ 2026-09-03 19:00:49.204 | [33m[1mWARNING [0m | exo.worker.runner.supervisor:<lambda>:184 ] [33m[1mRunner stderr: [fence-gate-diag] SETTER key=cache ok=True tid=8662072128 ctx_now={'engine': True, 'cache': True}[0m
[ 2026-09-03 19:00:49.208 | [33m[1mWARNING [0m | exo.worker.runner.supervisor:<lambda>:184 ] [33m[1mRunner stderr: [fence-gate-diag] SETTER key=cache ok=True tid=8662072128 ctx_now={'engine': True, 'cache': True}[0m
[ 2026-09-03 19:00:49.299 | [33m[1mWARNING [0m | exo.worker.runner.supervisor:<lambda>:184 ] [33m[1mRunner stderr: [fence-gate-diag] SETTER key=cache ok=True tid=8662072128 ctx_now={'engine': True, 'cache': True}[0m
[ 2026-09-03 19:00:49.392 | [33m[1mWARNING [0m | exo.worker.runner.supervisor:<lambda>:184 ] [33m[1mRunner stderr: [fence-gate-diag] SETTER key=cache ok=True tid=8662072128 ctx_now={'engine': True, 'cache': True}[0m
[ 2026-09-03 19:00:49.480 | [33m[1mWARNING [0m | exo.worker.runner.supervisor:<lambda>:184 ] [33m[1mRunner stderr: [fence-gate-diag] SETTER key=cache ok=False tid=8662072128 ctx_now={'engine': True, 'cache': False}[0m
[ 2026-09-03 19:00:49.481 | [33m[1mWARNING [0m | exo.worker.runner.supervisor:<lambda>:184 ] [33m[1mRunner stderr: [fence-gate-diag] SETTER key=cache ok=True tid=8662072128 ctx_now={'engine': True, 'cache': True}[0m
[ 2026-09-03 19:00:49.484 | [33m[1mWARNING [0m | exo.worker.runner.supervisor:<lambda>:184 ] [33m[1mRunner stderr: [fence-gate-diag] SETTER key=cache ok=True tid=8662072128 ctx_now={'engine': True, 'cache': True}[0m
[ 2026-09-03 19:00:49.574 | [33m[1mWARNING [0m | exo.worker.runner.supervisor:<lambda>:184 ] [33m[1mRunner stderr: [fence-gate-diag] SETTER key=cache ok=False tid=8662072128 ctx_now={'engine': True, 'cache': False}[0m
[ 2026-09-03 19:00:49.576 | [33m[1mWARNING [0m | exo.worker.runner.supervisor:<lambda>:184 ] [33m[1mRunner stderr: [fence-gate-diag] SETTER key=cache ok=True tid=8662072128 ctx_now={'engine': True, 'cache': True}[0m
[ 2026-09-03 19:00:49.579 | [33m[1mWARNING [0m | exo.worker.runner.supervisor:<lambda>:184 ] [33m[1mRunner stderr: [fence-gate-diag] SETTER key=cache ok=True tid=8662072128 ctx_now={'engine': True, 'cache': True}[0m
[ 2026-09-03 19:00:49.666 | [33m[1mWARNING [0m | exo.worker.runner.supervisor:<lambda>:184 ] [33m[1mRunner stderr: [fence-gate-diag] SETTER key=cache ok=False tid=8662072128 ctx_now={'engine': True, 'cache': False}[0m
[ 2026-09-03 19:00:49.667 | [33m[1mWARNING [0m | exo.worker.runner.supervisor:<lambda>:184 ] [33m[1mRunner stderr: [fence-gate-diag] SETTER key=cache ok=True tid=8662072128 ctx_now={'engine': True, 'cache': True}[0m
[ 2026-09-03 19:00:49.670 | [33m[1mWARNING [0m | exo.worker.runner.supervisor:<lambda>:184 ] [33m[1mRunner stderr: [fence-gate-diag] SETTER key=cache ok=True tid=8662072128 ctx_now={'engine': True, 'cache': True}[0m
[ 2026-09-03 19:00:49.730 | [33m[1mWARNING [0m | exo.worker.runner.supervisor:<lambda>:184 ] [33m[1mRunner stderr: [fence-gate-diag] SETTER key=cache ok=True tid=8662072128 ctx_now={'engine': True, 'cache': True}[0m
[ 2026-09-03 19:00:49.794 | [33m[1mWARNING [0m | exo.worker.runner.supervisor:<lambda>:184 ] [33m[1mRunner stderr: [fence-gate-diag] SETTER key=cache ok=True tid=8662072128 ctx_now={'engine': True, 'cache': True}[0m
[ 2026-09-03 19:00:49.851 | [33m[1mWARNING [0m | exo.worker.runner.supervisor:<lambda>:184 ] [33m[1mRunner stderr: [fence-gate-diag] SETTER key=cache ok=False tid=8662072128 ctx_now={'engine': True, 'cache': False}[0m
[ 2026-09-03 19:00:49.851 | [33m[1mWARNING [0m | exo.worker.runner.supervisor:<lambda>:184 ] [33m[1mRunner stderr: [fence-gate-diag] SETTER key=cache ok=True tid=8662072128 ctx_now={'engine': True, 'cache': True}[0m
[ 2026-09-03 19:00:49.853 | [33m[1mWARNING [0m | exo.worker.runner.supervisor:<lambda>:184 ] [33m[1mRunner stderr: [BG_DECODE_PROBE pid=57255] step=96 wall_ms=79.12 gpu_ms=103.78 gpu_pct=131.2[0m
[ 2026-09-03 19:00:49.854 | [33m[1mWARNING [0m | exo.worker.runner.supervisor:<lambda>:184 ] [33m[1mRunner stderr: [fence-gate-diag] SETTER key=cache ok=True tid=8662072128 ctx_now={'engine': True, 'cache': True}[0m
[ 2026-09-03 19:00:49.943 | [33m[1mWARNING [0m | exo.worker.runner.supervisor:<lambda>:184 ] [33m[1mRunner stderr: [fence-gate-diag] SETTER key=cache ok=False tid=8662072128 ctx_now={'engine': True, 'cache': False}[0m
[ 2026-09-03 19:00:49.944 | [33m[1mWARNING [0m | exo.worker.runner.supervisor:<lambda>:184 ] [33m[1mRunner stderr: [fence-gate-diag] SETTER key=cache ok=True tid=8662072128 ctx_now={'engine': True, 'cache': True}[0m
[ 2026-09-03 19:00:49.948 | [33m[1mWARNING [0m | exo.worker.runner.supervisor:<lambda>:184 ] [33m[1mRunner stderr: [fence-gate-diag] SETTER key=cache ok=True tid=8662072128 ctx_now={'engine': True, 'cache': True}[0m
[ 2026-09-03 19:00:50.026 | [33m[1mWARNING [0m | exo.worker.runner.supervisor:<lambda>:184 ] [33m[1mRunner stderr: [fence-gate-diag] SETTER key=cache ok=True tid=8662072128 ctx_now={'engine': True, 'cache': True}[0m
[ 2026-09-03 19:00:50.118 | [33m[1mWARNING [0m | exo.worker.runner.supervisor:<lambda>:184 ] [33m[1mRunner stderr: [fence-gate-diag] SETTER key=cache ok=True tid=8662072128 ctx_now={'engine': True, 'cache': True}[0m
[ 2026-09-03 19:00:50.209 | [33m[1mWARNING [0m | exo.worker.runner.supervisor:<lambda>:184 ] [33m[1mRunner stderr: [fence-gate-diag] SETTER key=cache ok=True tid=8662072128 ctx_now={'engine': True, 'cache': True}[0m
[ 2026-09-03 19:00:50.301 | [33m[1mWARNING [0m | exo.worker.runner.supervisor:<lambda>:184 ] [33m[1mRunner stderr: [fence-gate-diag] SETTER key=cache ok=True tid=8662072128 ctx_now={'engine': True, 'cache': True}[0m
[ 2026-09-03 19:00:50.394 | [33m[1mWARNING [0m | exo.worker.runner.supervisor:<lambda>:184 ] [33m[1mRunner stderr: [fence-gate-diag] SETTER key=cache ok=True tid=8662072128 ctx_now={'engine': True, 'cache': True}[0m
[ 2026-09-03 19:00:50.485 | [33m[1mWARNING [0m | exo.worker.runner.supervisor:<lambda>:184 ] [33m[1mRunner stderr: [fence-gate-diag] SETTER key=cache ok=True tid=8662072128 ctx_now={'engine': True, 'cache': True}[0m
[ 2026-09-03 19:00:50.577 | [33m[1mWARNING [0m | exo.worker.runner.supervisor:<lambda>:184 ] [33m[1mRunner stderr: [fence-gate-diag] SETTER key=cache ok=True tid=8662072128 ctx_now={'engine': True, 'cache': True}[0m
[ 2026-09-03 19:00:50.670 | [33m[1mWARNING [0m | exo.worker.runner.supervisor:<lambda>:184 ] [33m[1mRunner stderr: [fence-gate-diag] SETTER key=cache ok=True tid=8662072128 ctx_now={'engine': True, 'cache': True}[0m
[ 2026-09-03 19:00:50.763 | [33m[1mWARNING [0m | exo.worker.runner.supervisor:<lambda>:184 ] [33m[1mRunner stderr: [fence-gate-diag] SETTER key=cache ok=True tid=8662072128 ctx_now={'engine': True, 'cache': True}[0m
[ 2026-09-03 19:00:50.856 | [33m[1mWARNING [0m | exo.worker.runner.supervisor:<lambda>:184 ] [33m[1mRunner stderr: [fence-gate-diag] SETTER key=cache ok=True tid=8662072128 ctx_now={'engine': True, 'cache': True}[0m
[ 2026-09-03 19:00:50.949 | [33m[1mWARNING [0m | exo.worker.runner.supervisor:<lambda>:184 ] [33m[1mRunner stderr: [fence-gate-diag] SETTER key=cache ok=True tid=8662072128 ctx_now={'engine': True, 'cache': True}[0m
[ 2026-09-03 19:00:51.092 | [33m[1mWARNING [0m | exo.worker.runner.supervisor:<lambda>:184 ] [33m[1mRunner stderr: [fence-gate-diag] SETTER key=cache ok=True tid=8662072128 ctx_now={'engine': True, 'cache': True}[0m
[ 2026-09-03 19:00:51.185 | [33m[1mWARNING [0m | exo.worker.runner.supervisor:<lambda>:184 ] [33m[1mRunner stderr: [fence-gate-diag] SETTER key=cache ok=True tid=8662072128 ctx_now={'engine': True, 'cache': True}[0m
[ 2026-09-03 19:00:51.277 | [33m[1mWARNING [0m | exo.worker.runner.supervisor:<lambda>:184 ] [33m[1mRunner stderr: [fence-gate-diag] SETTER key=cache ok=True tid=8662072128 ctx_now={'engine': True, 'cache': True}[0m
[ 2026-09-03 19:00:51.370 | [33m[1mWARNING [0m | exo.worker.runner.supervisor:<lambda>:184 ] [33m[1mRunner stderr: [BG_DECODE_PROBE pid=57255] step=112 wall_ms=94.71 gpu_ms=145.07 gpu_pct=153.2[0m
[ 2026-09-03 19:00:51.371 | [33m[1mWARNING [0m | exo.worker.runner.supervisor:<lambda>:184 ] [33m[1mRunner stderr: [fence-gate-diag] SETTER key=cache ok=True tid=8662072128 ctx_now={'engine': True, 'cache': True}[0m
[ 2026-09-03 19:00:51.460 | [33m[1mWARNING [0m | exo.worker.runner.supervisor:<lambda>:184 ] [33m[1mRunner stderr: [fence-gate-diag] SETTER key=engine ok=False tid=8662072128 ctx_now={'engine': False, 'cache': True}[0m
[ 2026-09-03 19:00:51.894 | [33m[1mWARNING [0m | exo.worker.runner.supervisor:<lambda>:184 ] [33m[1mRunner stderr: [fence-gate-diag] SETTER key=engine ok=False tid=8662072128 ctx_now={'engine': False, 'cache': True}[0m
[ 2026-09-03 19:00:52.129 | [33m[1mWARNING [0m | exo.worker.runner.supervisor:<lambda>:184 ] [33m[1mRunner stderr: [fence-gate-diag] n=4000 FENCE_ASYNC=True engine=False cache=True cache_registered=True B=1 MAX_B=1 L=1[0m
[ 2026-09-03 19:00:52.209 | [33m[1mWARNING [0m | exo.worker.runner.supervisor:<lambda>:184 ] [33m[1mRunner stderr: [fence-gate-diag] SETTER key=cache ok=False tid=8662072128 ctx_now={'engine': False, 'cache': False}[0m
[ 2026-09-03 19:00:52.237 | [33m[1mWARNING [0m | exo.worker.runner.supervisor:<lambda>:184 ] [33m[1mRunner stderr: [fence-gate-diag] SETTER key=cache ok=False tid=8662072128 ctx_now={'engine': False, 'cache': False}[0m
[ 2026-09-03 19:00:52.237 | [33m[1mWARNING [0m | exo.worker.runner.supervisor:<lambda>:184 ] [33m[1mRunner stderr: [fence-gate-diag] SETTER key=cache ok=True tid=8662072128 ctx_now={'engine': False, 'cache': True}[0m
[ 2026-09-03 19:00:52.275 | [33m[1mWARNING [0m | exo.worker.runner.supervisor:<lambda>:184 ] [33m[1mRunner stderr: [fence-gate-diag] SETTER key=engine ok=True tid=8662072128 ctx_now={'engine': True, 'cache': True}[0m
[ 2026-09-03 19:00:52.389 | [33m[1mWARNING [0m | exo.worker.runner.supervisor:<lambda>:184 ] [33m[1mRunner stderr: [fence-gate-diag] SETTER key=cache ok=True tid=8662072128 ctx_now={'engine': True, 'cache': True}[0m
[ 2026-09-03 19:00:52.444 | [33m[1mWARNING [0m | exo.worker.runner.supervisor:<lambda>:184 ] [33m[1mRunner stderr: [fence-gate-diag] SETTER key=cache ok=False tid=8662072128 ctx_now={'engine': True, 'cache': False}[0m
[ 2026-09-03 19:00:52.444 | [33m[1mWARNING [0m | exo.worker.runner.supervisor:<lambda>:184 ] [33m[1mRunner stderr: [fence-gate-diag] SETTER key=cache ok=True tid=8662072128 ctx_now={'engine': True, 'cache': True}[0m
[ 2026-09-03 19:00:52.447 | [33m[1mWARNING [0m | exo.worker.runner.supervisor:<lambda>:184 ] [33m[1mRunner stderr: [fence-gate-diag] SETTER key=cache ok=True tid=8662072128 ctx_now={'engine': True, 'cache': True}[0m
[ 2026-09-03 19:00:52.531 | [33m[1mWARNING [0m | exo.worker.runner.supervisor:<lambda>:184 ] [33m[1mRunner stderr: [fence-gate-diag] SETTER key=cache ok=False tid=8662072128 ctx_now={'engine': True, 'cache': False}[0m
[ 2026-09-03 19:00:52.532 | [33m[1mWARNING [0m | exo.worker.runner.supervisor:<lambda>:184 ] [33m[1mRunner stderr: [fence-gate-diag] SETTER key=cache ok=True tid=8662072128 ctx_now={'engine': True, 'cache': True}[0m
[ 2026-09-03 19:00:52.535 | [33m[1mWARNING [0m | exo.worker.runner.supervisor:<lambda>:184 ] [33m[1mRunner stderr: [fence-gate-diag] SETTER key=cache ok=True tid=8662072128 ctx_now={'engine': True, 'cache': True}[0m
[ 2026-09-03 19:00:52.619 | [33m[1mWARNING [0m | exo.worker.runner.supervisor:<lambda>:184 ] [33m[1mRunner stderr: [fence-gate-diag] SETTER key=cache ok=False tid=8662072128 ctx_now={'engine': True, 'cache': False}[0m
[ 2026-09-03 19:00:52.620 | [33m[1mWARNING [0m | exo.worker.runner.supervisor:<lambda>:184 ] [33m[1mRunner stderr: [fence-gate-diag] SETTER key=cache ok=True tid=8662072128 ctx_now={'engine': True, 'cache': True}[0m
[ 2026-09-03 19:00:52.623 | [33m[1mWARNING [0m | exo.worker.runner.supervisor:<lambda>:184 ] [33m[1mRunner stderr: [fence-gate-diag] SETTER key=cache ok=True tid=8662072128 ctx_now={'engine': True, 'cache': True}[0m
[ 2026-09-03 19:00:52.692 | [33m[1mWARNING [0m | exo.worker.runner.supervisor:<lambda>:184 ] [33m[1mRunner stderr: [fence-gate-diag] SETTER key=cache ok=False tid=8662072128 ctx_now={'engine': True, 'cache': False}[0m
[ 2026-09-03 19:00:52.692 | [33m[1mWARNING [0m | exo.worker.runner.supervisor:<lambda>:184 ] [33m[1mRunner stderr: [fence-gate-diag] SETTER key=cache ok=True tid=8662072128 ctx_now={'engine': True, 'cache': True}[0m
[ 2026-09-03 19:00:52.695 | [33m[1mWARNING [0m | exo.worker.runner.supervisor:<lambda>:184 ] [33m[1mRunner stderr: [fence-gate-diag] SETTER key=cache ok=True tid=8662072128 ctx_now={'engine': True, 'cache': True}[0m
[ 2026-09-03 19:00:52.780 | [33m[1mWARNING [0m | exo.worker.runner.supervisor:<lambda>:184 ] [33m[1mRunner stderr: [fence-gate-diag] SETTER key=cache ok=False tid=8662072128 ctx_now={'engine': True, 'cache': False}[0m
[ 2026-09-03 19:00:52.781 | [33m[1mWARNING [0m | exo.worker.runner.supervisor:<lambda>:184 ] [33m[1mRunner stderr: [fence-gate-diag] SETTER key=cache ok=True tid=8662072128 ctx_now={'engine': True, 'cache': True}[0m
[ 2026-09-03 19:00:52.785 | [33m[1mWARNING [0m | exo.worker.runner.supervisor:<lambda>:184 ] [33m[1mRunner stderr: [fence-gate-diag] SETTER key=cache ok=True tid=8662072128 ctx_now={'engine': True, 'cache': True}[0m
[ 2026-09-03 19:00:52.855 | [33m[1mWARNING [0m | exo.worker.runner.supervisor:<lambda>:184 ] [33m[1mRunner stderr: [fence-gate-diag] SETTER key=cache ok=False tid=8662072128 ctx_now={'engine': True, 'cache': False}[0m
[ 2026-09-03 19:00:52.856 | [33m[1mWARNING [0m | exo.worker.runner.supervisor:<lambda>:184 ] [33m[1mRunner stderr: [fence-gate-diag] SETTER key=cache ok=True tid=8662072128 ctx_now={'engine': True, 'cache': True}[0m
[ 2026-09-03 19:00:52.859 | [33m[1mWARNING [0m | exo.worker.runner.supervisor:<lambda>:184 ] [33m[1mRunner stderr: [fence-gate-diag] SETTER key=cache ok=True tid=8662072128 ctx_now={'engine': True, 'cache': True}[0m
[ 2026-09-03 19:00:52.942 | [33m[1mWARNING [0m | exo.worker.runner.supervisor:<lambda>:184 ] [33m[1mRunner stderr: [fence-gate-diag] SETTER key=cache ok=False tid=8662072128 ctx_now={'engine': True, 'cache': False}[0m
[ 2026-09-03 19:00:52.942 | [33m[1mWARNING [0m | exo.worker.runner.supervisor:<lambda>:184 ] [33m[1mRunner stderr: [fence-gate-diag] SETTER key=cache ok=True tid=8662072128 ctx_now={'engine': True, 'cache': True}[0m
[ 2026-09-03 19:00:52.946 | [33m[1mWARNING [0m | exo.worker.runner.supervisor:<lambda>:184 ] [33m[1mRunner stderr: [fence-gate-diag] SETTER key=cache ok=True tid=8662072128 ctx_now={'engine': True, 'cache': True}[0m
[ 2026-09-03 19:00:53.013 | [33m[1mWARNING [0m | exo.worker.runner.supervisor:<lambda>:184 ] [33m[1mRunner stderr: [fence-gate-diag] SETTER key=cache ok=False tid=8662072128 ctx_now={'engine': True, 'cache': False}[0m
[ 2026-09-03 19:00:53.014 | [33m[1mWARNING [0m | exo.worker.runner.supervisor:<lambda>:184 ] [33m[1mRunner stderr: [fence-gate-diag] SETTER key=cache ok=True tid=8662072128 ctx_now={'engine': True, 'cache': True}[0m
[ 2026-09-03 19:00:53.017 | [33m[1mWARNING [0m | exo.worker.runner.supervisor:<lambda>:184 ] [33m[1mRunner stderr: [fence-gate-diag] SETTER key=cache ok=True tid=8662072128 ctx_now={'engine': True, 'cache': True}[0m
[ 2026-09-03 19:00:53.089 | [33m[1mWARNING [0m | exo.worker.runner.supervisor:<lambda>:184 ] [33m[1mRunner stderr: [fence-gate-diag] SETTER key=cache ok=False tid=8662072128 ctx_now={'engine': True, 'cache': False}[0m
[ 2026-09-03 19:00:53.090 | [33m[1mWARNING [0m | exo.worker.runner.supervisor:<lambda>:184 ] [33m[1mRunner stderr: [fence-gate-diag] SETTER key=cache ok=True tid=8662072128 ctx_now={'engine': True, 'cache': True}[0m
[ 2026-09-03 19:00:53.094 | [33m[1mWARNING [0m | exo.worker.runner.supervisor:<lambda>:184 ] [33m[1mRunner stderr: [fence-gate-diag] SETTER key=cache ok=True tid=8662072128 ctx_now={'engine': True, 'cache': True}[0m
[ 2026-09-03 19:00:53.183 | [33m[1mWARNING [0m | exo.worker.runner.supervisor:<lambda>:184 ] [33m[1mRunner stderr: [fence-gate-diag] SETTER key=cache ok=True tid=8662072128 ctx_now={'engine': True, 'cache': True}[0m
[ 2026-09-03 19:00:53.278 | [33m[1mWARNING [0m | exo.worker.runner.supervisor:<lambda>:184 ] [33m[1mRunner stderr: [fence-gate-diag] SETTER key=cache ok=True tid=8662072128 ctx_now={'engine': True, 'cache': True}[0m
[ 2026-09-03 19:00:53.366 | [33m[1mWARNING [0m | exo.worker.runner.supervisor:<lambda>:184 ] [33m[1mRunner stderr: [BG_DECODE_PROBE pid=57255] step=128 wall_ms=124.72 gpu_ms=91.98 gpu_pct=73.7[0m
[ 2026-09-03 19:00:53.367 | [33m[1mWARNING [0m | exo.worker.runner.supervisor:<lambda>:184 ] [33m[1mRunner stderr: [fence-gate-diag] SETTER key=cache ok=True tid=8662072128 ctx_now={'engine': True, 'cache': True}[0m
[ 2026-09-03 19:00:53.453 | [33m[1mWARNING [0m | exo.worker.runner.supervisor:<lambda>:184 ] [33m[1mRunner stderr: [fence-gate-diag] SETTER key=cache ok=True tid=8662072128 ctx_now={'engine': True, 'cache': True}[0m
[ 2026-09-03 19:00:53.514 | [33m[1mWARNING [0m | exo.worker.runner.supervisor:<lambda>:184 ] [33m[1mRunner stderr: [fence-gate-diag] SETTER key=cache ok=True tid=8662072128 ctx_now={'engine': True, 'cache': True}[0m
[ 2026-09-03 19:00:53.614 | [33m[1mWARNING [0m | exo.worker.runner.supervisor:<lambda>:184 ] [33m[1mRunner stderr: [fence-gate-diag] SETTER key=cache ok=False tid=8662072128 ctx_now={'engine': True, 'cache': False}[0m
[ 2026-09-03 19:00:53.615 | [33m[1mWARNING [0m | exo.worker.runner.supervisor:<lambda>:184 ] [33m[1mRunner stderr: [fence-gate-diag] SETTER key=cache ok=True tid=8662072128 ctx_now={'engine': True, 'cache': True}[0m
[ 2026-09-03 19:00:53.618 | [33m[1mWARNING [0m | exo.worker.runner.supervisor:<lambda>:184 ] [33m[1mRunner stderr: [fence-gate-diag] SETTER key=cache ok=True tid=8662072128 ctx_now={'engine': True, 'cache': True}[0m
[ 2026-09-03 19:00:53.692 | [33m[1mWARNING [0m | exo.worker.runner.supervisor:<lambda>:184 ] [33m[1mRunner stderr: [fence-gate-diag] SETTER key=cache ok=False tid=8662072128 ctx_now={'engine': True, 'cache': False}[0m
[ 2026-09-03 19:00:53.693 | [33m[1mWARNING [0m | exo.worker.runner.supervisor:<lambda>:184 ] [33m[1mRunner stderr: [fence-gate-diag] SETTER key=cache ok=True tid=8662072128 ctx_now={'engine': True, 'cache': True}[0m
[ 2026-09-03 19:00:53.697 | [33m[1mWARNING [0m | exo.worker.runner.supervisor:<lambda>:184 ] [33m[1mRunner stderr: [fence-gate-diag] SETTER key=cache ok=True tid=8662072128 ctx_now={'engine': True, 'cache': True}[0m
[ 2026-09-03 19:00:53.755 | [33m[1mWARNING [0m | exo.worker.runner.supervisor:<lambda>:184 ] [33m[1mRunner stderr: [fence-gate-diag] SETTER key=cache ok=False tid=8662072128 ctx_now={'engine': True, 'cache': False}[0m
[ 2026-09-03 19:00:53.755 | [33m[1mWARNING [0m | exo.worker.runner.supervisor:<lambda>:184 ] [33m[1mRunner stderr: [fence-gate-diag] SETTER key=cache ok=True tid=8662072128 ctx_now={'engine': True, 'cache': True}[0m
[ 2026-09-03 19:00:53.759 | [33m[1mWARNING [0m | exo.worker.runner.supervisor:<lambda>:184 ] [33m[1mRunner stderr: [fence-gate-diag] SETTER key=cache ok=True tid=8662072128 ctx_now={'engine': True, 'cache': True}[0m
[ 2026-09-03 19:00:53.825 | [33m[1mWARNING [0m | exo.worker.runner.supervisor:<lambda>:184 ] [33m[1mRunner stderr: [fence-gate-diag] SETTER key=cache ok=False tid=8662072128 ctx_now={'engine': True, 'cache': False}[0m
[ 2026-09-03 19:00:53.826 | [33m[1mWARNING [0m | exo.worker.runner.supervisor:<lambda>:184 ] [33m[1mRunner stderr: [fence-gate-diag] SETTER key=cache ok=True tid=8662072128 ctx_now={'engine': True, 'cache': True}[0m
[ 2026-09-03 19:00:53.829 | [33m[1mWARNING [0m | exo.worker.runner.supervisor:<lambda>:184 ] [33m[1mRunner stderr: [fence-gate-diag] SETTER key=cache ok=True tid=8662072128 ctx_now={'engine': True, 'cache': True}[0m
[ 2026-09-03 19:00:53.932 | [33m[1mWARNING [0m | exo.worker.runner.supervisor:<lambda>:184 ] [33m[1mRunner stderr: [fence-gate-diag] SETTER key=cache ok=False tid=8662072128 ctx_now={'engine': True, 'cache': False}[0m
[ 2026-09-03 19:00:53.933 | [33m[1mWARNING [0m | exo.worker.runner.supervisor:<lambda>:184 ] [33m[1mRunner stderr: [fence-gate-diag] SETTER key=cache ok=True tid=8662072128 ctx_now={'engine': True, 'cache': True}[0m
[ 2026-09-03 19:00:53.937 | [33m[1mWARNING [0m | exo.worker.runner.supervisor:<lambda>:184 ] [33m[1mRunner stderr: [fence-gate-diag] SETTER key=cache ok=True tid=8662072128 ctx_now={'engine': True, 'cache': True}[0m
[ 2026-09-03 19:00:53.996 | [33m[1mWARNING [0m | exo.worker.runner.supervisor:<lambda>:184 ] [33m[1mRunner stderr: [fence-gate-diag] SETTER key=cache ok=False tid=8662072128 ctx_now={'engine': True, 'cache': False}[0m
[ 2026-09-03 19:00:53.997 | [33m[1mWARNING [0m | exo.worker.runner.supervisor:<lambda>:184 ] [33m[1mRunner stderr: [fence-gate-diag] SETTER key=cache ok=True tid=8662072128 ctx_now={'engine': True, 'cache': True}[0m
[ 2026-09-03 19:00:54.001 | [33m[1mWARNING [0m | exo.worker.runner.supervisor:<lambda>:184 ] [33m[1mRunner stderr: [fence-gate-diag] SETTER key=cache ok=True tid=8662072128 ctx_now={'engine': True, 'cache': True}[0m
[ 2026-09-03 19:00:54.092 | [33m[1mWARNING [0m | exo.worker.runner.supervisor:<lambda>:184 ] [33m[1mRunner stderr: [fence-gate-diag] SETTER key=cache ok=True tid=8662072128 ctx_now={'engine': True, 'cache': True}[0m
[ 2026-09-03 19:00:54.180 | [33m[1mWARNING [0m | exo.worker.runner.supervisor:<lambda>:184 ] [33m[1mRunner stderr: [fence-gate-diag] SETTER key=cache ok=False tid=8662072128 ctx_now={'engine': True, 'cache': False}[0m
[ 2026-09-03 19:00:54.180 | [33m[1mWARNING [0m | exo.worker.runner.supervisor:<lambda>:184 ] [33m[1mRunner stderr: [fence-gate-diag] SETTER key=cache ok=True tid=8662072128 ctx_now={'engine': True, 'cache': True}[0m
[ 2026-09-03 19:00:54.184 | [33m[1mWARNING [0m | exo.worker.runner.supervisor:<lambda>:184 ] [33m[1mRunner stderr: [fence-gate-diag] SETTER key=cache ok=True tid=8662072128 ctx_now={'engine': True, 'cache': True}[0m
[ 2026-09-03 19:00:54.274 | [33m[1mWARNING [0m | exo.worker.runner.supervisor:<lambda>:184 ] [33m[1mRunner stderr: [fence-gate-diag] SETTER key=cache ok=False tid=8662072128 ctx_now={'engine': True, 'cache': False}[0m
[ 2026-09-03 19:00:54.275 | [33m[1mWARNING [0m | exo.worker.runner.supervisor:<lambda>:184 ] [33m[1mRunner stderr: [fence-gate-diag] SETTER key=cache ok=True tid=8662072128 ctx_now={'engine': True, 'cache': True}[0m
[ 2026-09-03 19:00:54.278 | [33m[1mWARNING [0m | exo.worker.runner.supervisor:<lambda>:184 ] [33m[1mRunner stderr: [fence-gate-diag] SETTER key=cache ok=True tid=8662072128 ctx_now={'engine': True, 'cache': True}[0m
[ 2026-09-03 19:00:54.334 | [33m[1mWARNING [0m | exo.worker.runner.supervisor:<lambda>:184 ] [33m[1mRunner stderr: [fence-gate-diag] SETTER key=cache ok=False tid=8662072128 ctx_now={'engine': True, 'cache': False}[0m
[ 2026-09-03 19:00:54.335 | [33m[1mWARNING [0m | exo.worker.runner.supervisor:<lambda>:184 ] [33m[1mRunner stderr: [fence-gate-diag] SETTER key=cache ok=True tid=8662072128 ctx_now={'engine': True, 'cache': True}[0m
[ 2026-09-03 19:00:54.338 | [33m[1mWARNING [0m | exo.worker.runner.supervisor:<lambda>:184 ] [33m[1mRunner stderr: [fence-gate-diag] SETTER key=cache ok=True tid=8662072128 ctx_now={'engine': True, 'cache': True}[0m
[ 2026-09-03 19:00:54.412 | [33m[1mWARNING [0m | exo.worker.runner.supervisor:<lambda>:184 ] [33m[1mRunner stderr: [fence-gate-diag] SETTER key=cache ok=False tid=8662072128 ctx_now={'engine': True, 'cache': False}[0m
[ 2026-09-03 19:00:54.413 | [33m[1mWARNING [0m | exo.worker.runner.supervisor:<lambda>:184 ] [33m[1mRunner stderr: [fence-gate-diag] SETTER key=cache ok=True tid=8662072128 ctx_now={'engine': True, 'cache': True}[0m
[ 2026-09-03 19:00:54.416 | [33m[1mWARNING [0m | exo.worker.runner.supervisor:<lambda>:184 ] [33m[1mRunner stderr: [fence-gate-diag] SETTER key=cache ok=True tid=8662072128 ctx_now={'engine': True, 'cache': True}[0m
[ 2026-09-03 19:00:54.485 | [33m[1mWARNING [0m | exo.worker.runner.supervisor:<lambda>:184 ] [33m[1mRunner stderr: [fence-gate-diag] SETTER key=cache ok=False tid=8662072128 ctx_now={'engine': True, 'cache': False}[0m
[ 2026-09-03 19:00:54.486 | [33m[1mWARNING [0m | exo.worker.runner.supervisor:<lambda>:184 ] [33m[1mRunner stderr: [fence-gate-diag] SETTER key=cache ok=True tid=8662072128 ctx_now={'engine': True, 'cache': True}[0m
[ 2026-09-03 19:00:54.489 | [33m[1mWARNING [0m | exo.worker.runner.supervisor:<lambda>:184 ] [33m[1mRunner stderr: [fence-gate-diag] SETTER key=cache ok=True tid=8662072128 ctx_now={'engine': True, 'cache': True}[0m
[ 2026-09-03 19:00:54.545 | [33m[1mWARNING [0m | exo.worker.runner.supervisor:<lambda>:184 ] [33m[1mRunner stderr: [fence-gate-diag] SETTER key=cache ok=False tid=8662072128 ctx_now={'engine': True, 'cache': False}[0m
[ 2026-09-03 19:00:54.546 | [33m[1mWARNING [0m | exo.worker.runner.supervisor:<lambda>:184 ] [33m[1mRunner stderr: [fence-gate-diag] SETTER key=cache ok=True tid=8662072128 ctx_now={'engine': True, 'cache': True}[0m
[ 2026-09-03 19:00:54.549 | [33m[1mWARNING [0m | exo.worker.runner.supervisor:<lambda>:184 ] [33m[1mRunner stderr: [fence-gate-diag] SETTER key=cache ok=True tid=8662072128 ctx_now={'engine': True, 'cache': True}[0m
[ 2026-09-03 19:00:54.629 | [33m[1mWARNING [0m | exo.worker.runner.supervisor:<lambda>:184 ] [33m[1mRunner stderr: [BG_DECODE_PROBE pid=57255] step=144 wall_ms=78.90 gpu_ms=89.92 gpu_pct=114.0[0m
[ 2026-09-03 19:00:54.629 | [33m[1mWARNING [0m | exo.worker.runner.supervisor:<lambda>:184 ] [33m[1mRunner stderr: [fence-gate-diag] SETTER key=cache ok=True tid=8662072128 ctx_now={'engine': True, 'cache': True}[0m
[ 2026-09-03 19:00:54.702 | [33m[1mWARNING [0m | exo.worker.runner.supervisor:<lambda>:184 ] [33m[1mRunner stderr: [fence-gate-diag] SETTER key=cache ok=False tid=8662072128 ctx_now={'engine': True, 'cache': False}[0m
[ 2026-09-03 19:00:54.703 | [33m[1mWARNING [0m | exo.worker.runner.supervisor:<lambda>:184 ] [33m[1mRunner stderr: [fence-gate-diag] SETTER key=cache ok=True tid=8662072128 ctx_now={'engine': True, 'cache': True}[0m
[ 2026-09-03 19:00:54.706 | [33m[1mWARNING [0m | exo.worker.runner.supervisor:<lambda>:184 ] [33m[1mRunner stderr: [fence-gate-diag] SETTER key=cache ok=True tid=8662072128 ctx_now={'engine': True, 'cache': True}[0m
[ 2026-09-03 19:00:54.779 | [33m[1mWARNING [0m | exo.worker.runner.supervisor:<lambda>:184 ] [33m[1mRunner stderr: [fence-gate-diag] SETTER key=cache ok=False tid=8662072128 ctx_now={'engine': True, 'cache': False}[0m
[ 2026-09-03 19:00:54.780 | [33m[1mWARNING [0m | exo.worker.runner.supervisor:<lambda>:184 ] [33m[1mRunner stderr: [fence-gate-diag] SETTER key=cache ok=True tid=8662072128 ctx_now={'engine': True, 'cache': True}[0m
[ 2026-09-03 19:00:54.783 | [33m[1mWARNING [0m | exo.worker.runner.supervisor:<lambda>:184 ] [33m[1mRunner stderr: [fence-gate-diag] SETTER key=cache ok=True tid=8662072128 ctx_now={'engine': True, 'cache': True}[0m
[ 2026-09-03 19:00:54.856 | [33m[1mWARNING [0m | exo.worker.runner.supervisor:<lambda>:184 ] [33m[1mRunner stderr: [fence-gate-diag] SETTER key=cache ok=True tid=8662072128 ctx_now={'engine': True, 'cache': True}[0m
[ 2026-09-03 19:00:54.945 | [33m[1mWARNING [0m | exo.worker.runner.supervisor:<lambda>:184 ] [33m[1mRunner stderr: [fence-gate-diag] SETTER key=cache ok=False tid=8662072128 ctx_now={'engine': True, 'cache': False}[0m
[ 2026-09-03 19:00:54.945 | [33m[1mWARNING [0m | exo.worker.runner.supervisor:<lambda>:184 ] [33m[1mRunner stderr: [fence-gate-diag] SETTER key=cache ok=True tid=8662072128 ctx_now={'engine': True, 'cache': True}[0m
[ 2026-09-03 19:00:54.949 | [33m[1mWARNING [0m | exo.worker.runner.supervisor:<lambda>:184 ] [33m[1mRunner stderr: [fence-gate-diag] SETTER key=cache ok=True tid=8662072128 ctx_now={'engine': True, 'cache': True}[0m
[ 2026-09-03 19:00:55.045 | [33m[1mWARNING [0m | exo.worker.runner.supervisor:<lambda>:184 ] [33m[1mRunner stderr: [fence-gate-diag] SETTER key=cache ok=False tid=8662072128 ctx_now={'engine': True, 'cache': False}[0m
[ 2026-09-03 19:00:55.045 | [33m[1mWARNING [0m | exo.worker.runner.supervisor:<lambda>:184 ] [33m[1mRunner stderr: [fence-gate-diag] SETTER key=cache ok=True tid=8662072128 ctx_now={'engine': True, 'cache': True}[0m
[ 2026-09-03 19:00:55.046 | [33m[1mWARNING [0m | exo.worker.runner.supervisor:<lambda>:184 ] [33m[1mRunner stderr: [fence-gate-diag] SETTER key=cache ok=True tid=8662072128 ctx_now={'engine': True, 'cache': True}[0m
[ 2026-09-03 19:00:55.132 | [33m[1mWARNING [0m | exo.worker.runner.supervisor:<lambda>:184 ] [33m[1mRunner stderr: [fence-gate-diag] SETTER key=cache ok=False tid=8662072128 ctx_now={'engine': True, 'cache': False}[0m
[ 2026-09-03 19:00:55.133 | [33m[1mWARNING [0m | exo.worker.runner.supervisor:<lambda>:184 ] [33m[1mRunner stderr: [fence-gate-diag] SETTER key=cache ok=True tid=8662072128 ctx_now={'engine': True, 'cache': True}[0m
[ 2026-09-03 19:00:55.136 | [33m[1mWARNING [0m | exo.worker.runner.supervisor:<lambda>:184 ] [33m[1mRunner stderr: [fence-gate-diag] SETTER key=cache ok=True tid=8662072128 ctx_now={'engine': True, 'cache': True}[0m
[ 2026-09-03 19:00:55.192 | [33m[1mWARNING [0m | exo.worker.runner.supervisor:<lambda>:184 ] [33m[1mRunner stderr: [fence-gate-diag] SETTER key=cache ok=False tid=8662072128 ctx_now={'engine': True, 'cache': False}[0m
[ 2026-09-03 19:00:55.193 | [33m[1mWARNING [0m | exo.worker.runner.supervisor:<lambda>:184 ] [33m[1mRunner stderr: [fence-gate-diag] SETTER key=cache ok=True tid=8662072128 ctx_now={'engine': True, 'cache': True}[0m
[ 2026-09-03 19:00:55.196 | [33m[1mWARNING [0m | exo.worker.runner.supervisor:<lambda>:184 ] [33m[1mRunner stderr: [fence-gate-diag] SETTER key=cache ok=True tid=8662072128 ctx_now={'engine': True, 'cache': True}[0m
[ 2026-09-03 19:00:55.270 | [33m[1mWARNING [0m | exo.worker.runner.supervisor:<lambda>:184 ] [33m[1mRunner stderr: [fence-gate-diag] SETTER key=cache ok=False tid=8662072128 ctx_now={'engine': True, 'cache': False}[0m
[ 2026-09-03 19:00:55.271 | [33m[1mWARNING [0m | exo.worker.runner.supervisor:<lambda>:184 ] [33m[1mRunner stderr: [fence-gate-diag] SETTER key=cache ok=True tid=8662072128 ctx_now={'engine': True, 'cache': True}[0m
[ 2026-09-03 19:00:55.274 | [33m[1mWARNING [0m | exo.worker.runner.supervisor:<lambda>:184 ] [33m[1mRunner stderr: [fence-gate-diag] SETTER key=cache ok=True tid=8662072128 ctx_now={'engine': True, 'cache': True}[0m
[ 2026-09-03 19:00:55.366 | [33m[1mWARNING [0m | exo.worker.runner.supervisor:<lambda>:184 ] [33m[1mRunner stderr: [fence-gate-diag] SETTER key=cache ok=True tid=8662072128 ctx_now={'engine': True, 'cache': True}[0m
[ 2026-09-03 19:00:55.442 | [33m[1mWARNING [0m | exo.worker.runner.supervisor:<lambda>:184 ] [33m[1mRunner stderr: [fence-gate-diag] SETTER key=cache ok=True tid=8662072128 ctx_now={'engine': True, 'cache': True}[0m
[ 2026-09-03 19:00:55.503 | [33m[1mWARNING [0m | exo.worker.runner.supervisor:<lambda>:184 ] [33m[1mRunner stderr: [fence-gate-diag] SETTER key=cache ok=True tid=8662072128 ctx_now={'engine': True, 'cache': True}[0m
[ 2026-09-03 19:00:55.596 | [33m[1mWARNING [0m | exo.worker.runner.supervisor:<lambda>:184 ] [33m[1mRunner stderr: [fence-gate-diag] SETTER key=cache ok=True tid=8662072128 ctx_now={'engine': True, 'cache': True}[0m
[ 2026-09-03 19:00:55.684 | [33m[1mWARNING [0m | exo.worker.runner.supervisor:<lambda>:184 ] [33m[1mRunner stderr: [fence-gate-diag] SETTER key=cache ok=False tid=8662072128 ctx_now={'engine': True, 'cache': False}[0m
[ 2026-09-03 19:00:55.685 | [33m[1mWARNING [0m | exo.worker.runner.supervisor:<lambda>:184 ] [33m[1mRunner stderr: [fence-gate-diag] SETTER key=cache ok=True tid=8662072128 ctx_now={'engine': True, 'cache': True}[0m
[ 2026-09-03 19:00:55.689 | [33m[1mWARNING [0m | exo.worker.runner.supervisor:<lambda>:184 ] [33m[1mRunner stderr: [fence-gate-diag] SETTER key=cache ok=True tid=8662072128 ctx_now={'engine': True, 'cache': True}[0m
[ 2026-09-03 19:00:55.762 | [33m[1mWARNING [0m | exo.worker.runner.supervisor:<lambda>:184 ] [33m[1mRunner stderr: [fence-gate-diag] SETTER key=cache ok=False tid=8662072128 ctx_now={'engine': True, 'cache': False}[0m
[ 2026-09-03 19:00:55.762 | [33m[1mWARNING [0m | exo.worker.runner.supervisor:<lambda>:184 ] [33m[1mRunner stderr: [fence-gate-diag] SETTER key=cache ok=True tid=8662072128 ctx_now={'engine': True, 'cache': True}[0m
[ 2026-09-03 19:00:55.765 | [33m[1mWARNING [0m | exo.worker.runner.supervisor:<lambda>:184 ] [33m[1mRunner stderr: [fence-gate-diag] SETTER key=cache ok=True tid=8662072128 ctx_now={'engine': True, 'cache': True}[0m
[ 2026-09-03 19:00:55.835 | [33m[1mWARNING [0m | exo.worker.runner.supervisor:<lambda>:184 ] [33m[1mRunner stderr: [fence-gate-diag] SETTER key=cache ok=False tid=8662072128 ctx_now={'engine': True, 'cache': False}[0m
[ 2026-09-03 19:00:55.836 | [33m[1mWARNING [0m | exo.worker.runner.supervisor:<lambda>:184 ] [33m[1mRunner stderr: [fence-gate-diag] SETTER key=cache ok=True tid=8662072128 ctx_now={'engine': True, 'cache': True}[0m
[ 2026-09-03 19:00:55.839 | [33m[1mWARNING [0m | exo.worker.runner.supervisor:<lambda>:184 ] [33m[1mRunner stderr: [fence-gate-diag] SETTER key=cache ok=True tid=8662072128 ctx_now={'engine': True, 'cache': True}[0m
[ 2026-09-03 19:00:55.914 | [33m[1mWARNING [0m | exo.worker.runner.supervisor:<lambda>:184 ] [33m[1mRunner stderr: [fence-gate-diag] SETTER key=cache ok=False tid=8662072128 ctx_now={'engine': True, 'cache': False}[0m
[ 2026-09-03 19:00:55.916 | [33m[1mWARNING [0m | exo.worker.runner.supervisor:<lambda>:184 ] [33m[1mRunner stderr: [fence-gate-diag] SETTER key=cache ok=True tid=8662072128 ctx_now={'engine': True, 'cache': True}[0m
[ 2026-09-03 19:00:55.918 | [33m[1mWARNING [0m | exo.worker.runner.supervisor:<lambda>:184 ] [33m[1mRunner stderr: [BG_DECODE_PROBE pid=57255] step=160 wall_ms=80.71 gpu_ms=105.94 gpu_pct=131.3[0m
[ 2026-09-03 19:00:55.919 | [33m[1mWARNING [0m | exo.worker.runner.supervisor:<lambda>:184 ] [33m[1mRunner stderr: [fence-gate-diag] SETTER key=cache ok=True tid=8662072128 ctx_now={'engine': True, 'cache': True}[0m
[ 2026-09-03 19:00:55.991 | [33m[1mWARNING [0m | exo.worker.runner.supervisor:<lambda>:184 ] [33m[1mRunner stderr: [fence-gate-diag] SETTER key=cache ok=False tid=8662072128 ctx_now={'engine': True, 'cache': False}[0m
[ 2026-09-03 19:00:55.992 | [33m[1mWARNING [0m | exo.worker.runner.supervisor:<lambda>:184 ] [33m[1mRunner stderr: [fence-gate-diag] SETTER key=cache ok=True tid=8662072128 ctx_now={'engine': True, 'cache': True}[0m
[ 2026-09-03 19:00:55.995 | [33m[1mWARNING [0m | exo.worker.runner.supervisor:<lambda>:184 ] [33m[1mRunner stderr: [fence-gate-diag] SETTER key=cache ok=True tid=8662072128 ctx_now={'engine': True, 'cache': True}[0m
[ 2026-09-03 19:00:56.085 | [33m[1mWARNING [0m | exo.worker.runner.supervisor:<lambda>:184 ] [33m[1mRunner stderr: [fence-gate-diag] SETTER key=cache ok=False tid=8662072128 ctx_now={'engine': True, 'cache': False}[0m
[ 2026-09-03 19:00:56.086 | [33m[1mWARNING [0m | exo.worker.runner.supervisor:<lambda>:184 ] [33m[1mRunner stderr: [fence-gate-diag] SETTER key=cache ok=True tid=8662072128 ctx_now={'engine': True, 'cache': True}[0m
[ 2026-09-03 19:00:56.090 | [33m[1mWARNING [0m | exo.worker.runner.supervisor:<lambda>:184 ] [33m[1mRunner stderr: [fence-gate-diag] SETTER key=cache ok=True tid=8662072128 ctx_now={'engine': True, 'cache': True}[0m
[ 2026-09-03 19:00:56.150 | [33m[1mWARNING [0m | exo.worker.runner.supervisor:<lambda>:184 ] [33m[1mRunner stderr: [fence-gate-diag] SETTER key=cache ok=False tid=8662072128 ctx_now={'engine': True, 'cache': False}[0m
[ 2026-09-03 19:00:56.150 | [33m[1mWARNING [0m | exo.worker.runner.supervisor:<lambda>:184 ] [33m[1mRunner stderr: [fence-gate-diag] SETTER key=cache ok=True tid=8662072128 ctx_now={'engine': True, 'cache': True}[0m
[ 2026-09-03 19:00:56.154 | [33m[1mWARNING [0m | exo.worker.runner.supervisor:<lambda>:184 ] [33m[1mRunner stderr: [fence-gate-diag] SETTER key=cache ok=True tid=8662072128 ctx_now={'engine': True, 'cache': True}[0m
[ 2026-09-03 19:00:56.240 | [33m[1mWARNING [0m | exo.worker.runner.supervisor:<lambda>:184 ] [33m[1mRunner stderr: [fence-gate-diag] SETTER key=cache ok=False tid=8662072128 ctx_now={'engine': True, 'cache': False}[0m
[ 2026-09-03 19:00:56.240 | [33m[1mWARNING [0m | exo.worker.runner.supervisor:<lambda>:184 ] [33m[1mRunner stderr: [fence-gate-diag] SETTER key=cache ok=True tid=8662072128 ctx_now={'engine': True, 'cache': True}[0m
[ 2026-09-03 19:00:56.244 | [33m[1mWARNING [0m | exo.worker.runner.supervisor:<lambda>:184 ] [33m[1mRunner stderr: [fence-gate-diag] SETTER key=cache ok=True tid=8662072128 ctx_now={'engine': True, 'cache': True}[0m
[ 2026-09-03 19:00:56.313 | [33m[1mWARNING [0m | exo.worker.runner.supervisor:<lambda>:184 ] [33m[1mRunner stderr: [fence-gate-diag] SETTER key=cache ok=False tid=8662072128 ctx_now={'engine': True, 'cache': False}[0m
[ 2026-09-03 19:00:56.314 | [33m[1mWARNING [0m | exo.worker.runner.supervisor:<lambda>:184 ] [33m[1mRunner stderr: [fence-gate-diag] SETTER key=cache ok=True tid=8662072128 ctx_now={'engine': True, 'cache': True}[0m
[ 2026-09-03 19:00:56.317 | [33m[1mWARNING [0m | exo.worker.runner.supervisor:<lambda>:184 ] [33m[1mRunner stderr: [fence-gate-diag] SETTER key=cache ok=True tid=8662072128 ctx_now={'engine': True, 'cache': True}[0m
[ 2026-09-03 19:00:56.408 | [33m[1mWARNING [0m | exo.worker.runner.supervisor:<lambda>:184 ] [33m[1mRunner stderr: [fence-gate-diag] SETTER key=cache ok=False tid=8662072128 ctx_now={'engine': True, 'cache': False}[0m
[ 2026-09-03 19:00:56.409 | [33m[1mWARNING [0m | exo.worker.runner.supervisor:<lambda>:184 ] [33m[1mRunner stderr: [fence-gate-diag] SETTER key=cache ok=True tid=8662072128 ctx_now={'engine': True, 'cache': True}[0m
[ 2026-09-03 19:00:56.412 | [33m[1mWARNING [0m | exo.worker.runner.supervisor:<lambda>:184 ] [33m[1mRunner stderr: [fence-gate-diag] SETTER key=cache ok=True tid=8662072128 ctx_now={'engine': True, 'cache': True}[0m
[ 2026-09-03 19:00:56.472 | [33m[1mWARNING [0m | exo.worker.runner.supervisor:<lambda>:184 ] [33m[1mRunner stderr: [fence-gate-diag] SETTER key=cache ok=False tid=8662072128 ctx_now={'engine': True, 'cache': False}[0m
[ 2026-09-03 19:00:56.473 | [33m[1mWARNING [0m | exo.worker.runner.supervisor:<lambda>:184 ] [33m[1mRunner stderr: [fence-gate-diag] SETTER key=cache ok=True tid=8662072128 ctx_now={'engine': True, 'cache': True}[0m
[ 2026-09-03 19:00:56.476 | [33m[1mWARNING [0m | exo.worker.runner.supervisor:<lambda>:184 ] [33m[1mRunner stderr: [fence-gate-diag] SETTER key=cache ok=True tid=8662072128 ctx_now={'engine': True, 'cache': True}[0m
[ 2026-09-03 19:00:56.563 | [33m[1mWARNING [0m | exo.worker.runner.supervisor:<lambda>:184 ] [33m[1mRunner stderr: [fence-gate-diag] SETTER key=cache ok=False tid=8662072128 ctx_now={'engine': True, 'cache': False}[0m
[ 2026-09-03 19:00:56.564 | [33m[1mWARNING [0m | exo.worker.runner.supervisor:<lambda>:184 ] [33m[1mRunner stderr: [fence-gate-diag] SETTER key=cache ok=True tid=8662072128 ctx_now={'engine': True, 'cache': True}[0m
[ 2026-09-03 19:00:56.567 | [33m[1mWARNING [0m | exo.worker.runner.supervisor:<lambda>:184 ] [33m[1mRunner stderr: [fence-gate-diag] SETTER key=cache ok=True tid=8662072128 ctx_now={'engine': True, 'cache': True}[0m
[ 2026-09-03 19:00:56.642 | [33m[1mWARNING [0m | exo.worker.runner.supervisor:<lambda>:184 ] [33m[1mRunner stderr: [fence-gate-diag] SETTER key=cache ok=False tid=8662072128 ctx_now={'engine': True, 'cache': False}[0m
[ 2026-09-03 19:00:56.643 | [33m[1mWARNING [0m | exo.worker.runner.supervisor:<lambda>:184 ] [33m[1mRunner stderr: [fence-gate-diag] SETTER key=cache ok=True tid=8662072128 ctx_now={'engine': True, 'cache': True}[0m
[ 2026-09-03 19:00:56.647 | [33m[1mWARNING [0m | exo.worker.runner.supervisor:<lambda>:184 ] [33m[1mRunner stderr: [fence-gate-diag] SETTER key=cache ok=True tid=8662072128 ctx_now={'engine': True, 'cache': True}[0m
[ 2026-09-03 19:00:56.706 | [33m[1mWARNING [0m | exo.worker.runner.supervisor:<lambda>:184 ] [33m[1mRunner stderr: [fence-gate-diag] SETTER key=cache ok=False tid=8662072128 ctx_now={'engine': True, 'cache': False}[0m
[ 2026-09-03 19:00:56.707 | [33m[1mWARNING [0m | exo.worker.runner.supervisor:<lambda>:184 ] [33m[1mRunner stderr: [fence-gate-diag] SETTER key=cache ok=True tid=8662072128 ctx_now={'engine': True, 'cache': True}[0m
[ 2026-09-03 19:00:56.710 | [33m[1mWARNING [0m | exo.worker.runner.supervisor:<lambda>:184 ] [33m[1mRunner stderr: [fence-gate-diag] SETTER key=cache ok=True tid=8662072128 ctx_now={'engine': True, 'cache': True}[0m
[ 2026-09-03 19:00:56.801 | [33m[1mWARNING [0m | exo.worker.runner.supervisor:<lambda>:184 ] [33m[1mRunner stderr: [fence-gate-diag] SETTER key=cache ok=True tid=8662072128 ctx_now={'engine': True, 'cache': True}[0m
[ 2026-09-03 19:00:56.895 | [33m[1mWARNING [0m | exo.worker.runner.supervisor:<lambda>:184 ] [33m[1mRunner stderr: [fence-gate-diag] SETTER key=cache ok=True tid=8662072128 ctx_now={'engine': True, 'cache': True}[0m
[ 2026-09-03 19:00:56.983 | [33m[1mWARNING [0m | exo.worker.runner.supervisor:<lambda>:184 ] [33m[1mRunner stderr: [fence-gate-diag] SETTER key=cache ok=False tid=8662072128 ctx_now={'engine': True, 'cache': False}[0m
[ 2026-09-03 19:00:56.984 | [33m[1mWARNING [0m | exo.worker.runner.supervisor:<lambda>:184 ] [33m[1mRunner stderr: [fence-gate-diag] SETTER key=cache ok=True tid=8662072128 ctx_now={'engine': True, 'cache': True}[0m
[ 2026-09-03 19:00:56.987 | [33m[1mWARNING [0m | exo.worker.runner.supervisor:<lambda>:184 ] [33m[1mRunner stderr: [fence-gate-diag] SETTER key=cache ok=True tid=8662072128 ctx_now={'engine': True, 'cache': True}[0m
[ 2026-09-03 19:00:57.077 | [33m[1mWARNING [0m | exo.worker.runner.supervisor:<lambda>:184 ] [33m[1mRunner stderr: [fence-gate-diag] SETTER key=cache ok=False tid=8662072128 ctx_now={'engine': True, 'cache': False}[0m
[ 2026-09-03 19:00:57.078 | [33m[1mWARNING [0m | exo.worker.runner.supervisor:<lambda>:184 ] [33m[1mRunner stderr: [fence-gate-diag] SETTER key=cache ok=True tid=8662072128 ctx_now={'engine': True, 'cache': True}[0m
[ 2026-09-03 19:00:57.082 | [33m[1mWARNING [0m | exo.worker.runner.supervisor:<lambda>:184 ] [33m[1mRunner stderr: [fence-gate-diag] SETTER key=cache ok=True tid=8662072128 ctx_now={'engine': True, 'cache': True}[0m
[ 2026-09-03 19:00:57.169 | [33m[1mWARNING [0m | exo.worker.runner.supervisor:<lambda>:184 ] [33m[1mRunner stderr: [fence-gate-diag] SETTER key=cache ok=False tid=8662072128 ctx_now={'engine': True, 'cache': False}[0m
[ 2026-09-03 19:00:57.169 | [33m[1mWARNING [0m | exo.worker.runner.supervisor:<lambda>:184 ] [33m[1mRunner stderr: [fence-gate-diag] SETTER key=cache ok=True tid=8662072128 ctx_now={'engine': True, 'cache': True}[0m
[ 2026-09-03 19:00:57.173 | [33m[1mWARNING [0m | exo.worker.runner.supervisor:<lambda>:184 ] [33m[1mRunner stderr: [fence-gate-diag] SETTER key=cache ok=True tid=8662072128 ctx_now={'engine': True, 'cache': True}[0m
[ 2026-09-03 19:00:57.234 | [33m[1mWARNING [0m | exo.worker.runner.supervisor:<lambda>:184 ] [33m[1mRunner stderr: [BG_DECODE_PROBE pid=57255] step=176 wall_ms=82.10 gpu_ms=112.44 gpu_pct=137.0[0m
[ 2026-09-03 19:00:57.235 | [33m[1mWARNING [0m | exo.worker.runner.supervisor:<lambda>:184 ] [33m[1mRunner stderr: [fence-gate-diag] SETTER key=cache ok=True tid=8662072128 ctx_now={'engine': True, 'cache': True}[0m
[ 2026-09-03 19:00:57.298 | [33m[1mWARNING [0m | exo.worker.runner.supervisor:<lambda>:184 ] [33m[1mRunner stderr: [fence-gate-diag] SETTER key=cache ok=True tid=8662072128 ctx_now={'engine': True, 'cache': True}[0m
[ 2026-09-03 19:00:57.356 | [33m[1mWARNING [0m | exo.worker.runner.supervisor:<lambda>:184 ] [33m[1mRunner stderr: [fence-gate-diag] SETTER key=cache ok=False tid=8662072128 ctx_now={'engine': True, 'cache': False}[0m
[ 2026-09-03 19:00:57.358 | [33m[1mWARNING [0m | exo.worker.runner.supervisor:<lambda>:184 ] [33m[1mRunner stderr: [fence-gate-diag] SETTER key=cache ok=True tid=8662072128 ctx_now={'engine': True, 'cache': True}[0m
[ 2026-09-03 19:00:57.359 | [33m[1mWARNING [0m | exo.worker.runner.supervisor:<lambda>:184 ] [33m[1mRunner stderr: [fence-gate-diag] SETTER key=cache ok=True tid=8662072128 ctx_now={'engine': True, 'cache': True}[0m
[ 2026-09-03 19:00:57.448 | [33m[1mWARNING [0m | exo.worker.runner.supervisor:<lambda>:184 ] [33m[1mRunner stderr: [fence-gate-diag] SETTER key=cache ok=False tid=8662072128 ctx_now={'engine': True, 'cache': False}[0m
[ 2026-09-03 19:00:57.450 | [33m[1mWARNING [0m | exo.worker.runner.supervisor:<lambda>:184 ] [33m[1mRunner stderr: [fence-gate-diag] SETTER key=cache ok=True tid=8662072128 ctx_now={'engine': True, 'cache': True}[0m
[ 2026-09-03 19:00:57.453 | [33m[1mWARNING [0m | exo.worker.runner.supervisor:<lambda>:184 ] [33m[1mRunner stderr: [fence-gate-diag] SETTER key=cache ok=True tid=8662072128 ctx_now={'engine': True, 'cache': True}[0m
[ 2026-09-03 19:00:57.531 | [33m[1mWARNING [0m | exo.worker.runner.supervisor:<lambda>:184 ] [33m[1mRunner stderr: [fence-gate-diag] SETTER key=cache ok=True tid=8662072128 ctx_now={'engine': True, 'cache': True}[0m
[ 2026-09-03 19:00:57.624 | [33m[1mWARNING [0m | exo.worker.runner.supervisor:<lambda>:184 ] [33m[1mRunner stderr: [fence-gate-diag] SETTER key=cache ok=True tid=8662072128 ctx_now={'engine': True, 'cache': True}[0m
[ 2026-09-03 19:00:57.716 | [33m[1mWARNING [0m | exo.worker.runner.supervisor:<lambda>:184 ] [33m[1mRunner stderr: [fence-gate-diag] SETTER key=cache ok=True tid=8662072128 ctx_now={'engine': True, 'cache': True}[0m
[ 2026-09-03 19:00:57.811 | [33m[1mWARNING [0m | exo.worker.runner.supervisor:<lambda>:184 ] [33m[1mRunner stderr: [fence-gate-diag] SETTER key=cache ok=True tid=8662072128 ctx_now={'engine': True, 'cache': True}[0m
[ 2026-09-03 19:00:57.904 | [33m[1mWARNING [0m | exo.worker.runner.supervisor:<lambda>:184 ] [33m[1mRunner stderr: [fence-gate-diag] SETTER key=cache ok=True tid=8662072128 ctx_now={'engine': True, 'cache': True}[0m
[ 2026-09-03 19:00:57.998 | [33m[1mWARNING [0m | exo.worker.runner.supervisor:<lambda>:184 ] [33m[1mRunner stderr: [fence-gate-diag] SETTER key=cache ok=True tid=8662072128 ctx_now={'engine': True, 'cache': True}[0m
[ 2026-09-03 19:00:58.088 | [33m[1mWARNING [0m | exo.worker.runner.supervisor:<lambda>:184 ] [33m[1mRunner stderr: [fence-gate-diag] SETTER key=cache ok=True tid=8662072128 ctx_now={'engine': True, 'cache': True}[0m
[ 2026-09-03 19:00:58.181 | [33m[1mWARNING [0m | exo.worker.runner.supervisor:<lambda>:184 ] [33m[1mRunner stderr: [fence-gate-diag] SETTER key=cache ok=True tid=8662072128 ctx_now={'engine': True, 'cache': True}[0m
[ 2026-09-03 19:00:58.273 | [33m[1mWARNING [0m | exo.worker.runner.supervisor:<lambda>:184 ] [33m[1mRunner stderr: [fence-gate-diag] SETTER key=cache ok=True tid=8662072128 ctx_now={'engine': True, 'cache': True}[0m
[ 2026-09-03 19:00:58.366 | [33m[1mWARNING [0m | exo.worker.runner.supervisor:<lambda>:184 ] [33m[1mRunner stderr: [fence-gate-diag] SETTER key=cache ok=True tid=8662072128 ctx_now={'engine': True, 'cache': True}[0m
[ 2026-09-03 19:00:58.458 | [33m[1mWARNING [0m | exo.worker.runner.supervisor:<lambda>:184 ] [33m[1mRunner stderr: [fence-gate-diag] SETTER key=cache ok=True tid=8662072128 ctx_now={'engine': True, 'cache': True}[0m
[ 2026-09-03 19:00:58.602 | [33m[1mWARNING [0m | exo.worker.runner.supervisor:<lambda>:184 ] [33m[1mRunner stderr: [fence-gate-diag] SETTER key=cache ok=True tid=8662072128 ctx_now={'engine': True, 'cache': True}[0m
[ 2026-09-03 19:00:58.695 | [33m[1mWARNING [0m | exo.worker.runner.supervisor:<lambda>:184 ] [33m[1mRunner stderr: [BG_DECODE_PROBE pid=57255] step=192 wall_ms=91.35 gpu_ms=131.27 gpu_pct=143.7[0m
[ 2026-09-03 19:00:58.696 | [33m[1mWARNING [0m | exo.worker.runner.supervisor:<lambda>:184 ] [33m[1mRunner stderr: [fence-gate-diag] SETTER key=cache ok=True tid=8662072128 ctx_now={'engine': True, 'cache': True}[0m
[ 2026-09-03 19:00:58.788 | [33m[1mWARNING [0m | exo.worker.runner.supervisor:<lambda>:184 ] [33m[1mRunner stderr: [fence-gate-diag] SETTER key=cache ok=True tid=8662072128 ctx_now={'engine': True, 'cache': True}[0m
[ 2026-09-03 19:00:58.881 | [33m[1mWARNING [0m | exo.worker.runner.supervisor:<lambda>:184 ] [33m[1mRunner stderr: [fence-gate-diag] SETTER key=cache ok=True tid=8662072128 ctx_now={'engine': True, 'cache': True}[0m
[ 2026-09-03 19:00:58.971 | [33m[1mWARNING [0m | exo.worker.runner.supervisor:<lambda>:184 ] [33m[1mRunner stderr: [fence-gate-diag] SETTER key=engine ok=False tid=8662072128 ctx_now={'engine': False, 'cache': True}[0m
[ 2026-09-03 19:00:59.383 | [33m[1mWARNING [0m | exo.worker.runner.supervisor:<lambda>:184 ] [33m[1mRunner stderr: [fence-gate-diag] SETTER key=engine ok=False tid=8662072128 ctx_now={'engine': False, 'cache': True}[0m
[ 2026-09-03 19:00:59.704 | [33m[1mWARNING [0m | exo.worker.runner.supervisor:<lambda>:184 ] [33m[1mRunner stderr: [fence-gate-diag] SETTER key=cache ok=False tid=8662072128 ctx_now={'engine': False, 'cache': False}[0m
[ 2026-09-03 19:00:59.727 | [33m[1mWARNING [0m | exo.worker.runner.supervisor:<lambda>:184 ] [33m[1mRunner stderr: [fence-gate-diag] SETTER key=cache ok=False tid=8662072128 ctx_now={'engine': False, 'cache': False}[0m
[ 2026-09-03 19:00:59.728 | [33m[1mWARNING [0m | exo.worker.runner.supervisor:<lambda>:184 ] [33m[1mRunner stderr: [fence-gate-diag] SETTER key=cache ok=True tid=8662072128 ctx_now={'engine': False, 'cache': True}[0m
[ 2026-09-03 19:00:59.765 | [33m[1mWARNING [0m | exo.worker.runner.supervisor:<lambda>:184 ] [33m[1mRunner stderr: [fence-gate-diag] SETTER key=engine ok=True tid=8662072128 ctx_now={'engine': True, 'cache': True}[0m
[ 2026-09-03 19:00:59.880 | [33m[1mWARNING [0m | exo.worker.runner.supervisor:<lambda>:184 ] [33m[1mRunner stderr: [fence-gate-diag] SETTER key=cache ok=True tid=8662072128 ctx_now={'engine': True, 'cache': True}[0m
[ 2026-09-03 19:00:59.935 | [33m[1mWARNING [0m | exo.worker.runner.supervisor:<lambda>:184 ] [33m[1mRunner stderr: [fence-gate-diag] SETTER key=cache ok=False tid=8662072128 ctx_now={'engine': True, 'cache': False}[0m
[ 2026-09-03 19:00:59.936 | [33m[1mWARNING [0m | exo.worker.runner.supervisor:<lambda>:184 ] [33m[1mRunner stderr: [fence-gate-diag] SETTER key=cache ok=True tid=8662072128 ctx_now={'engine': True, 'cache': True}[0m
[ 2026-09-03 19:00:59.939 | [33m[1mWARNING [0m | exo.worker.runner.supervisor:<lambda>:184 ] [33m[1mRunner stderr: [fence-gate-diag] SETTER key=cache ok=True tid=8662072128 ctx_now={'engine': True, 'cache': True}[0m
[ 2026-09-03 19:01:00.023 | [33m[1mWARNING [0m | exo.worker.runner.supervisor:<lambda>:184 ] [33m[1mRunner stderr: [fence-gate-diag] SETTER key=cache ok=False tid=8662072128 ctx_now={'engine': True, 'cache': False}[0m
[ 2026-09-03 19:01:00.024 | [33m[1mWARNING [0m | exo.worker.runner.supervisor:<lambda>:184 ] [33m[1mRunner stderr: [fence-gate-diag] SETTER key=cache ok=True tid=8662072128 ctx_now={'engine': True, 'cache': True}[0m
[ 2026-09-03 19:01:00.028 | [33m[1mWARNING [0m | exo.worker.runner.supervisor:<lambda>:184 ] [33m[1mRunner stderr: [fence-gate-diag] SETTER key=cache ok=True tid=8662072128 ctx_now={'engine': True, 'cache': True}[0m
[ 2026-09-03 19:01:00.116 | [33m[1mWARNING [0m | exo.worker.runner.supervisor:<lambda>:184 ] [33m[1mRunner stderr: [fence-gate-diag] SETTER key=cache ok=False tid=8662072128 ctx_now={'engine': True, 'cache': False}[0m
[ 2026-09-03 19:01:00.116 | [33m[1mWARNING [0m | exo.worker.runner.supervisor:<lambda>:184 ] [33m[1mRunner stderr: [fence-gate-diag] SETTER key=cache ok=True tid=8662072128 ctx_now={'engine': True, 'cache': True}[0m
[ 2026-09-03 19:01:00.120 | [33m[1mWARNING [0m | exo.worker.runner.supervisor:<lambda>:184 ] [33m[1mRunner stderr: [fence-gate-diag] SETTER key=cache ok=True tid=8662072128 ctx_now={'engine': True, 'cache': True}[0m
[ 2026-09-03 19:01:00.191 | [33m[1mWARNING [0m | exo.worker.runner.supervisor:<lambda>:184 ] [33m[1mRunner stderr: [fence-gate-diag] SETTER key=cache ok=False tid=8662072128 ctx_now={'engine': True, 'cache': False}[0m
[ 2026-09-03 19:01:00.191 | [33m[1mWARNING [0m | exo.worker.runner.supervisor:<lambda>:184 ] [33m[1mRunner stderr: [fence-gate-diag] SETTER key=cache ok=True tid=8662072128 ctx_now={'engine': True, 'cache': True}[0m
[ 2026-09-03 19:01:00.193 | [33m[1mWARNING [0m | exo.worker.runner.supervisor:<lambda>:184 ] [33m[1mRunner stderr: [fence-gate-diag] SETTER key=cache ok=True tid=8662072128 ctx_now={'engine': True, 'cache': True}[0m
[ 2026-09-03 19:01:00.279 | [33m[1mWARNING [0m | exo.worker.runner.supervisor:<lambda>:184 ] [33m[1mRunner stderr: [fence-gate-diag] SETTER key=cache ok=False tid=8662072128 ctx_now={'engine': True, 'cache': False}[0m
[ 2026-09-03 19:01:00.280 | [33m[1mWARNING [0m | exo.worker.runner.supervisor:<lambda>:184 ] [33m[1mRunner stderr: [fence-gate-diag] SETTER key=cache ok=True tid=8662072128 ctx_now={'engine': True, 'cache': True}[0m
[ 2026-09-03 19:01:00.283 | [33m[1mWARNING [0m | exo.worker.runner.supervisor:<lambda>:184 ] [33m[1mRunner stderr: [fence-gate-diag] SETTER key=cache ok=True tid=8662072128 ctx_now={'engine': True, 'cache': True}[0m
[ 2026-09-03 19:01:00.355 | [33m[1mWARNING [0m | exo.worker.runner.supervisor:<lambda>:184 ] [33m[1mRunner stderr: [fence-gate-diag] SETTER key=cache ok=False tid=8662072128 ctx_now={'engine': True, 'cache': False}[0m
[ 2026-09-03 19:01:00.356 | [33m[1mWARNING [0m | exo.worker.runner.supervisor:<lambda>:184 ] [33m[1mRunner stderr: [fence-gate-diag] SETTER key=cache ok=True tid=8662072128 ctx_now={'engine': True, 'cache': True}[0m
[ 2026-09-03 19:01:00.359 | [33m[1mWARNING [0m | exo.worker.runner.supervisor:<lambda>:184 ] [33m[1mRunner stderr: [fence-gate-diag] SETTER key=cache ok=True tid=8662072128 ctx_now={'engine': True, 'cache': True}[0m
[ 2026-09-03 19:01:00.442 | [33m[1mWARNING [0m | exo.worker.runner.supervisor:<lambda>:184 ] [33m[1mRunner stderr: [fence-gate-diag] SETTER key=cache ok=False tid=8662072128 ctx_now={'engine': True, 'cache': False}[0m
[ 2026-09-03 19:01:00.443 | [33m[1mWARNING [0m | exo.worker.runner.supervisor:<lambda>:184 ] [33m[1mRunner stderr: [fence-gate-diag] SETTER key=cache ok=True tid=8662072128 ctx_now={'engine': True, 'cache': True}[0m
[ 2026-09-03 19:01:00.446 | [33m[1mWARNING [0m | exo.worker.runner.supervisor:<lambda>:184 ] [33m[1mRunner stderr: [fence-gate-diag] SETTER key=cache ok=True tid=8662072128 ctx_now={'engine': True, 'cache': True}[0m
[ 2026-09-03 19:01:00.514 | [33m[1mWARNING [0m | exo.worker.runner.supervisor:<lambda>:184 ] [33m[1mRunner stderr: [fence-gate-diag] SETTER key=cache ok=False tid=8662072128 ctx_now={'engine': True, 'cache': False}[0m
[ 2026-09-03 19:01:00.514 | [33m[1mWARNING [0m | exo.worker.runner.supervisor:<lambda>:184 ] [33m[1mRunner stderr: [fence-gate-diag] SETTER key=cache ok=True tid=8662072128 ctx_now={'engine': True, 'cache': True}[0m
[ 2026-09-03 19:01:00.518 | [33m[1mWARNING [0m | exo.worker.runner.supervisor:<lambda>:184 ] [33m[1mRunner stderr: [fence-gate-diag] SETTER key=cache ok=True tid=8662072128 ctx_now={'engine': True, 'cache': True}[0m
[ 2026-09-03 19:01:00.591 | [33m[1mWARNING [0m | exo.worker.runner.supervisor:<lambda>:184 ] [33m[1mRunner stderr: [fence-gate-diag] SETTER key=cache ok=False tid=8662072128 ctx_now={'engine': True, 'cache': False}[0m
[ 2026-09-03 19:01:00.592 | [33m[1mWARNING [0m | exo.worker.runner.supervisor:<lambda>:184 ] [33m[1mRunner stderr: [fence-gate-diag] SETTER key=cache ok=True tid=8662072128 ctx_now={'engine': True, 'cache': True}[0m
[ 2026-09-03 19:01:00.595 | [33m[1mWARNING [0m | exo.worker.runner.supervisor:<lambda>:184 ] [33m[1mRunner stderr: [fence-gate-diag] SETTER key=cache ok=True tid=8662072128 ctx_now={'engine': True, 'cache': True}[0m
[ 2026-09-03 19:01:00.686 | [33m[1mWARNING [0m | exo.worker.runner.supervisor:<lambda>:184 ] [33m[1mRunner stderr: [BG_DECODE_PROBE pid=57255] step=208 wall_ms=124.42 gpu_ms=96.89 gpu_pct=77.9[0m
[ 2026-09-03 19:01:00.687 | [33m[1mWARNING [0m | exo.worker.runner.supervisor:<lambda>:184 ] [33m[1mRunner stderr: [fence-gate-diag] SETTER key=cache ok=True tid=8662072128 ctx_now={'engine': True, 'cache': True}[0m
[ 2026-09-03 19:01:00.776 | [33m[1mWARNING [0m | exo.worker.runner.supervisor:<lambda>:184 ] [33m[1mRunner stderr: [fence-gate-diag] SETTER key=cache ok=True tid=8662072128 ctx_now={'engine': True, 'cache': True}[0m
[ 2026-09-03 19:01:00.873 | [33m[1mWARNING [0m | exo.worker.runner.supervisor:<lambda>:184 ] [33m[1mRunner stderr: [fence-gate-diag] SETTER key=cache ok=True tid=8662072128 ctx_now={'engine': True, 'cache': True}[0m
[ 2026-09-03 19:01:00.947 | [33m[1mWARNING [0m | exo.worker.runner.supervisor:<lambda>:184 ] [33m[1mRunner stderr: [fence-gate-diag] SETTER key=cache ok=True tid=8662072128 ctx_now={'engine': True, 'cache': True}[0m
[ 2026-09-03 19:01:01.016 | [33m[1mWARNING [0m | exo.worker.runner.supervisor:<lambda>:184 ] [33m[1mRunner stderr: [fence-gate-diag] SETTER key=cache ok=True tid=8662072128 ctx_now={'engine': True, 'cache': True}[0m
[ 2026-09-03 19:01:01.117 | [33m[1mWARNING [0m | exo.worker.runner.supervisor:<lambda>:184 ] [33m[1mRunner stderr: [fence-gate-diag] SETTER key=cache ok=False tid=8662072128 ctx_now={'engine': True, 'cache': False}[0m
[ 2026-09-03 19:01:01.118 | [33m[1mWARNING [0m | exo.worker.runner.supervisor:<lambda>:184 ] [33m[1mRunner stderr: [fence-gate-diag] SETTER key=cache ok=True tid=8662072128 ctx_now={'engine': True, 'cache': True}[0m
[ 2026-09-03 19:01:01.122 | [33m[1mWARNING [0m | exo.worker.runner.supervisor:<lambda>:184 ] [33m[1mRunner stderr: [fence-gate-diag] SETTER key=cache ok=True tid=8662072128 ctx_now={'engine': True, 'cache': True}[0m
[ 2026-09-03 19:01:01.196 | [33m[1mWARNING [0m | exo.worker.runner.supervisor:<lambda>:184 ] [33m[1mRunner stderr: [fence-gate-diag] SETTER key=cache ok=False tid=8662072128 ctx_now={'engine': True, 'cache': False}[0m
[ 2026-09-03 19:01:01.198 | [33m[1mWARNING [0m | exo.worker.runner.supervisor:<lambda>:184 ] [33m[1mRunner stderr: [fence-gate-diag] SETTER key=cache ok=True tid=8662072128 ctx_now={'engine': True, 'cache': True}[0m
[ 2026-09-03 19:01:01.202 | [33m[1mWARNING [0m | exo.worker.runner.supervisor:<lambda>:184 ] [33m[1mRunner stderr: [fence-gate-diag] SETTER key=cache ok=True tid=8662072128 ctx_now={'engine': True, 'cache': True}[0m
[ 2026-09-03 19:01:01.261 | [33m[1mWARNING [0m | exo.worker.runner.supervisor:<lambda>:184 ] [33m[1mRunner stderr: [fence-gate-diag] SETTER key=cache ok=False tid=8662072128 ctx_now={'engine': True, 'cache': False}[0m
[ 2026-09-03 19:01:01.262 | [33m[1mWARNING [0m | exo.worker.runner.supervisor:<lambda>:184 ] [33m[1mRunner stderr: [fence-gate-diag] SETTER key=cache ok=True tid=8662072128 ctx_now={'engine': True, 'cache': True}[0m
[ 2026-09-03 19:01:01.265 | [33m[1mWARNING [0m | exo.worker.runner.supervisor:<lambda>:184 ] [33m[1mRunner stderr: [fence-gate-diag] SETTER key=cache ok=True tid=8662072128 ctx_now={'engine': True, 'cache': True}[0m
[ 2026-09-03 19:01:01.333 | [33m[1mWARNING [0m | exo.worker.runner.supervisor:<lambda>:184 ] [33m[1mRunner stderr: [fence-gate-diag] SETTER key=cache ok=False tid=8662072128 ctx_now={'engine': True, 'cache': False}[0m
[ 2026-09-03 19:01:01.333 | [33m[1mWARNING [0m | exo.worker.runner.supervisor:<lambda>:184 ] [33m[1mRunner stderr: [fence-gate-diag] SETTER key=cache ok=True tid=8662072128 ctx_now={'engine': True, 'cache': True}[0m
[ 2026-09-03 19:01:01.337 | [33m[1mWARNING [0m | exo.worker.runner.supervisor:<lambda>:184 ] [33m[1mRunner stderr: [fence-gate-diag] SETTER key=cache ok=True tid=8662072128 ctx_now={'engine': True, 'cache': True}[0m
[ 2026-09-03 19:01:01.455 | [33m[1mWARNING [0m | exo.worker.runner.supervisor:<lambda>:184 ] [33m[1mRunner stderr: [fence-gate-diag] SETTER key=cache ok=False tid=8662072128 ctx_now={'engine': True, 'cache': False}[0m
[ 2026-09-03 19:01:01.456 | [33m[1mWARNING [0m | exo.worker.runner.supervisor:<lambda>:184 ] [33m[1mRunner stderr: [fence-gate-diag] SETTER key=cache ok=True tid=8662072128 ctx_now={'engine': True, 'cache': True}[0m
[ 2026-09-03 19:01:01.460 | [33m[1mWARNING [0m | exo.worker.runner.supervisor:<lambda>:184 ] [33m[1mRunner stderr: [fence-gate-diag] SETTER key=cache ok=True tid=8662072128 ctx_now={'engine': True, 'cache': True}[0m
[ 2026-09-03 19:01:01.521 | [33m[1mWARNING [0m | exo.worker.runner.supervisor:<lambda>:184 ] [33m[1mRunner stderr: [fence-gate-diag] SETTER key=cache ok=False tid=8662072128 ctx_now={'engine': True, 'cache': False}[0m
[ 2026-09-03 19:01:01.522 | [33m[1mWARNING [0m | exo.worker.runner.supervisor:<lambda>:184 ] [33m[1mRunner stderr: [fence-gate-diag] SETTER key=cache ok=True tid=8662072128 ctx_now={'engine': True, 'cache': True}[0m
[ 2026-09-03 19:01:01.525 | [33m[1mWARNING [0m | exo.worker.runner.supervisor:<lambda>:184 ] [33m[1mRunner stderr: [fence-gate-diag] SETTER key=cache ok=True tid=8662072128 ctx_now={'engine': True, 'cache': True}[0m
[ 2026-09-03 19:01:01.618 | [33m[1mWARNING [0m | exo.worker.runner.supervisor:<lambda>:184 ] [33m[1mRunner stderr: [fence-gate-diag] SETTER key=cache ok=True tid=8662072128 ctx_now={'engine': True, 'cache': True}[0m
[ 2026-09-03 19:01:01.706 | [33m[1mWARNING [0m | exo.worker.runner.supervisor:<lambda>:184 ] [33m[1mRunner stderr: [fence-gate-diag] SETTER key=cache ok=False tid=8662072128 ctx_now={'engine': True, 'cache': False}[0m
[ 2026-09-03 19:01:01.706 | [33m[1mWARNING [0m | exo.worker.runner.supervisor:<lambda>:184 ] [33m[1mRunner stderr: [fence-gate-diag] SETTER key=cache ok=True tid=8662072128 ctx_now={'engine': True, 'cache': True}[0m
[ 2026-09-03 19:01:01.710 | [33m[1mWARNING [0m | exo.worker.runner.supervisor:<lambda>:184 ] [33m[1mRunner stderr: [fence-gate-diag] SETTER key=cache ok=True tid=8662072128 ctx_now={'engine': True, 'cache': True}[0m
[ 2026-09-03 19:01:01.800 | [33m[1mWARNING [0m | exo.worker.runner.supervisor:<lambda>:184 ] [33m[1mRunner stderr: [fence-gate-diag] SETTER key=cache ok=False tid=8662072128 ctx_now={'engine': True, 'cache': False}[0m
[ 2026-09-03 19:01:01.801 | [33m[1mWARNING [0m | exo.worker.runner.supervisor:<lambda>:184 ] [33m[1mRunner stderr: [fence-gate-diag] SETTER key=cache ok=True tid=8662072128 ctx_now={'engine': True, 'cache': True}[0m
[ 2026-09-03 19:01:01.805 | [33m[1mWARNING [0m | exo.worker.runner.supervisor:<lambda>:184 ] [33m[1mRunner stderr: [fence-gate-diag] SETTER key=cache ok=True tid=8662072128 ctx_now={'engine': True, 'cache': True}[0m
[ 2026-09-03 19:01:01.861 | [33m[1mWARNING [0m | exo.worker.runner.supervisor:<lambda>:184 ] [33m[1mRunner stderr: [fence-gate-diag] SETTER key=cache ok=False tid=8662072128 ctx_now={'engine': True, 'cache': False}[0m
[ 2026-09-03 19:01:01.862 | [33m[1mWARNING [0m | exo.worker.runner.supervisor:<lambda>:184 ] [33m[1mRunner stderr: [fence-gate-diag] SETTER key=cache ok=True tid=8662072128 ctx_now={'engine': True, 'cache': True}[0m
[ 2026-09-03 19:01:01.865 | [33m[1mWARNING [0m | exo.worker.runner.supervisor:<lambda>:184 ] [33m[1mRunner stderr: [fence-gate-diag] SETTER key=cache ok=True tid=8662072128 ctx_now={'engine': True, 'cache': True}[0m
[ 2026-09-03 19:01:01.940 | [33m[1mWARNING [0m | exo.worker.runner.supervisor:<lambda>:184 ] [33m[1mRunner stderr: [fence-gate-diag] SETTER key=cache ok=False tid=8662072128 ctx_now={'engine': True, 'cache': False}[0m
[ 2026-09-03 19:01:01.941 | [33m[1mWARNING [0m | exo.worker.runner.supervisor:<lambda>:184 ] [33m[1mRunner stderr: [fence-gate-diag] SETTER key=cache ok=True tid=8662072128 ctx_now={'engine': True, 'cache': True}[0m
[ 2026-09-03 19:01:01.944 | [33m[1mWARNING [0m | exo.worker.runner.supervisor:<lambda>:184 ] [33m[1mRunner stderr: [fence-gate-diag] SETTER key=cache ok=True tid=8662072128 ctx_now={'engine': True, 'cache': True}[0m
[ 2026-09-03 19:01:02.014 | [33m[1mWARNING [0m | exo.worker.runner.supervisor:<lambda>:184 ] [33m[1mRunner stderr: [fence-gate-diag] SETTER key=cache ok=False tid=8662072128 ctx_now={'engine': True, 'cache': False}[0m
[ 2026-09-03 19:01:02.014 | [33m[1mWARNING [0m | exo.worker.runner.supervisor:<lambda>:184 ] [33m[1mRunner stderr: [fence-gate-diag] SETTER key=cache ok=True tid=8662072128 ctx_now={'engine': True, 'cache': True}[0m
[ 2026-09-03 19:01:02.017 | [33m[1mWARNING [0m | exo.worker.runner.supervisor:<lambda>:184 ] [33m[1mRunner stderr: [BG_DECODE_PROBE pid=57255] step=224 wall_ms=83.29 gpu_ms=98.14 gpu_pct=117.8[0m
[ 2026-09-03 19:01:02.018 | [33m[1mWARNING [0m | exo.worker.runner.supervisor:<lambda>:184 ] [33m[1mRunner stderr: [fence-gate-diag] SETTER key=cache ok=True tid=8662072128 ctx_now={'engine': True, 'cache': True}[0m
[ 2026-09-03 19:01:02.074 | [33m[1mWARNING [0m | exo.worker.runner.supervisor:<lambda>:184 ] [33m[1mRunner stderr: [fence-gate-diag] SETTER key=cache ok=False tid=8662072128 ctx_now={'engine': True, 'cache': False}[0m
[ 2026-09-03 19:01:02.074 | [33m[1mWARNING [0m | exo.worker.runner.supervisor:<lambda>:184 ] [33m[1mRunner stderr: [fence-gate-diag] SETTER key=cache ok=True tid=8662072128 ctx_now={'engine': True, 'cache': True}[0m
[ 2026-09-03 19:01:02.078 | [33m[1mWARNING [0m | exo.worker.runner.supervisor:<lambda>:184 ] [33m[1mRunner stderr: [fence-gate-diag] SETTER key=cache ok=True tid=8662072128 ctx_now={'engine': True, 'cache': True}[0m
[ 2026-09-03 19:01:02.157 | [33m[1mWARNING [0m | exo.worker.runner.supervisor:<lambda>:184 ] [33m[1mRunner stderr: [fence-gate-diag] SETTER key=cache ok=True tid=8662072128 ctx_now={'engine': True, 'cache': True}[0m
[ 2026-09-03 19:01:02.231 | [33m[1mWARNING [0m | exo.worker.runner.supervisor:<lambda>:184 ] [33m[1mRunner stderr: [fence-gate-diag] SETTER key=cache ok=False tid=8662072128 ctx_now={'engine': True, 'cache': False}[0m
[ 2026-09-03 19:01:02.232 | [33m[1mWARNING [0m | exo.worker.runner.supervisor:<lambda>:184 ] [33m[1mRunner stderr: [fence-gate-diag] SETTER key=cache ok=True tid=8662072128 ctx_now={'engine': True, 'cache': True}[0m
[ 2026-09-03 19:01:02.236 | [33m[1mWARNING [0m | exo.worker.runner.supervisor:<lambda>:184 ] [33m[1mRunner stderr: [fence-gate-diag] SETTER key=cache ok=True tid=8662072128 ctx_now={'engine': True, 'cache': True}[0m
[ 2026-09-03 19:01:02.308 | [33m[1mWARNING [0m | exo.worker.runner.supervisor:<lambda>:184 ] [33m[1mRunner stderr: [fence-gate-diag] SETTER key=cache ok=False tid=8662072128 ctx_now={'engine': True, 'cache': False}[0m
[ 2026-09-03 19:01:02.308 | [33m[1mWARNING [0m | exo.worker.runner.supervisor:<lambda>:184 ] [33m[1mRunner stderr: [fence-gate-diag] SETTER key=cache ok=True tid=8662072128 ctx_now={'engine': True, 'cache': True}[0m
[ 2026-09-03 19:01:02.312 | [33m[1mWARNING [0m | exo.worker.runner.supervisor:<lambda>:184 ] [33m[1mRunner stderr: [fence-gate-diag] SETTER key=cache ok=True tid=8662072128 ctx_now={'engine': True, 'cache': True}[0m
[ 2026-09-03 19:01:02.385 | [33m[1mWARNING [0m | exo.worker.runner.supervisor:<lambda>:184 ] [33m[1mRunner stderr: [fence-gate-diag] SETTER key=cache ok=True tid=8662072128 ctx_now={'engine': True, 'cache': True}[0m
[ 2026-09-03 19:01:02.474 | [33m[1mWARNING [0m | exo.worker.runner.supervisor:<lambda>:184 ] [33m[1mRunner stderr: [fence-gate-diag] SETTER key=cache ok=False tid=8662072128 ctx_now={'engine': True, 'cache': False}[0m
[ 2026-09-03 19:01:02.475 | [33m[1mWARNING [0m | exo.worker.runner.supervisor:<lambda>:184 ] [33m[1mRunner stderr: [fence-gate-diag] SETTER key=cache ok=True tid=8662072128 ctx_now={'engine': True, 'cache': True}[0m
[ 2026-09-03 19:01:02.478 | [33m[1mWARNING [0m | exo.worker.runner.supervisor:<lambda>:184 ] [33m[1mRunner stderr: [fence-gate-diag] SETTER key=cache ok=True tid=8662072128 ctx_now={'engine': True, 'cache': True}[0m
[ 2026-09-03 19:01:02.568 | [33m[1mWARNING [0m | exo.worker.runner.supervisor:<lambda>:184 ] [33m[1mRunner stderr: [fence-gate-diag] SETTER key=cache ok=False tid=8662072128 ctx_now={'engine': True, 'cache': False}[0m
[ 2026-09-03 19:01:02.570 | [33m[1mWARNING [0m | exo.worker.runner.supervisor:<lambda>:184 ] [33m[1mRunner stderr: [fence-gate-diag] SETTER key=cache ok=True tid=8662072128 ctx_now={'engine': True, 'cache': True}[0m
[ 2026-09-03 19:01:02.573 | [33m[1mWARNING [0m | exo.worker.runner.supervisor:<lambda>:184 ] [33m[1mRunner stderr: [fence-gate-diag] SETTER key=cache ok=True tid=8662072128 ctx_now={'engine': True, 'cache': True}[0m
[ 2026-09-03 19:01:02.661 | [33m[1mWARNING [0m | exo.worker.runner.supervisor:<lambda>:184 ] [33m[1mRunner stderr: [fence-gate-diag] SETTER key=cache ok=False tid=8662072128 ctx_now={'engine': True, 'cache': False}[0m
[ 2026-09-03 19:01:02.662 | [33m[1mWARNING [0m | exo.worker.runner.supervisor:<lambda>:184 ] [33m[1mRunner stderr: [fence-gate-diag] SETTER key=cache ok=True tid=8662072128 ctx_now={'engine': True, 'cache': True}[0m
[ 2026-09-03 19:01:02.665 | [33m[1mWARNING [0m | exo.worker.runner.supervisor:<lambda>:184 ] [33m[1mRunner stderr: [fence-gate-diag] SETTER key=cache ok=True tid=8662072128 ctx_now={'engine': True, 'cache': True}[0m
[ 2026-09-03 19:01:02.722 | [33m[1mWARNING [0m | exo.worker.runner.supervisor:<lambda>:184 ] [33m[1mRunner stderr: [fence-gate-diag] SETTER key=cache ok=False tid=8662072128 ctx_now={'engine': True, 'cache': False}[0m
[ 2026-09-03 19:01:02.722 | [33m[1mWARNING [0m | exo.worker.runner.supervisor:<lambda>:184 ] [33m[1mRunner stderr: [fence-gate-diag] SETTER key=cache ok=True tid=8662072128 ctx_now={'engine': True, 'cache': True}[0m
[ 2026-09-03 19:01:02.726 | [33m[1mWARNING [0m | exo.worker.runner.supervisor:<lambda>:184 ] [33m[1mRunner stderr: [fence-gate-diag] SETTER key=cache ok=True tid=8662072128 ctx_now={'engine': True, 'cache': True}[0m
[ 2026-09-03 19:01:02.801 | [33m[1mWARNING [0m | exo.worker.runner.supervisor:<lambda>:184 ] [33m[1mRunner stderr: [fence-gate-diag] SETTER key=cache ok=False tid=8662072128 ctx_now={'engine': True, 'cache': False}[0m
[ 2026-09-03 19:01:02.802 | [33m[1mWARNING [0m | exo.worker.runner.supervisor:<lambda>:184 ] [33m[1mRunner stderr: [fence-gate-diag] SETTER key=cache ok=True tid=8662072128 ctx_now={'engine': True, 'cache': True}[0m
[ 2026-09-03 19:01:02.805 | [33m[1mWARNING [0m | exo.worker.runner.supervisor:<lambda>:184 ] [33m[1mRunner stderr: [fence-gate-diag] SETTER key=cache ok=True tid=8662072128 ctx_now={'engine': True, 'cache': True}[0m
[ 2026-09-03 19:01:02.897 | [33m[1mWARNING [0m | exo.worker.runner.supervisor:<lambda>:184 ] [33m[1mRunner stderr: [fence-gate-diag] SETTER key=cache ok=True tid=8662072128 ctx_now={'engine': True, 'cache': True}[0m
[ 2026-09-03 19:01:02.974 | [33m[1mWARNING [0m | exo.worker.runner.supervisor:<lambda>:184 ] [33m[1mRunner stderr: [fence-gate-diag] SETTER key=cache ok=True tid=8662072128 ctx_now={'engine': True, 'cache': True}[0m
[ 2026-09-03 19:01:03.037 | [33m[1mWARNING [0m | exo.worker.runner.supervisor:<lambda>:184 ] [33m[1mRunner stderr: [fence-gate-diag] SETTER key=cache ok=True tid=8662072128 ctx_now={'engine': True, 'cache': True}[0m
[ 2026-09-03 19:01:03.130 | [33m[1mWARNING [0m | exo.worker.runner.supervisor:<lambda>:184 ] [33m[1mRunner stderr: [fence-gate-diag] SETTER key=cache ok=True tid=8662072128 ctx_now={'engine': True, 'cache': True}[0m
[ 2026-09-03 19:01:03.219 | [33m[1mWARNING [0m | exo.worker.runner.supervisor:<lambda>:184 ] [33m[1mRunner stderr: [fence-gate-diag] SETTER key=cache ok=False tid=8662072128 ctx_now={'engine': True, 'cache': False}[0m
[ 2026-09-03 19:01:03.220 | [33m[1mWARNING [0m | exo.worker.runner.supervisor:<lambda>:184 ] [33m[1mRunner stderr: [fence-gate-diag] SETTER key=cache ok=True tid=8662072128 ctx_now={'engine': True, 'cache': True}[0m
[ 2026-09-03 19:01:03.224 | [33m[1mWARNING [0m | exo.worker.runner.supervisor:<lambda>:184 ] [33m[1mRunner stderr: [fence-gate-diag] SETTER key=cache ok=True tid=8662072128 ctx_now={'engine': True, 'cache': True}[0m
[ 2026-09-03 19:01:03.296 | [33m[1mWARNING [0m | exo.worker.runner.supervisor:<lambda>:184 ] [33m[1mRunner stderr: [fence-gate-diag] SETTER key=cache ok=False tid=8662072128 ctx_now={'engine': True, 'cache': False}[0m
[ 2026-09-03 19:01:03.297 | [33m[1mWARNING [0m | exo.worker.runner.supervisor:<lambda>:184 ] [33m[1mRunner stderr: [fence-gate-diag] SETTER key=cache ok=True tid=8662072128 ctx_now={'engine': True, 'cache': True}[0m
[ 2026-09-03 19:01:03.299 | [33m[1mWARNING [0m | exo.worker.runner.supervisor:<lambda>:184 ] [33m[1mRunner stderr: [BG_DECODE_PROBE pid=57255] step=240 wall_ms=80.16 gpu_ms=104.06 gpu_pct=129.8[0m
[ 2026-09-03 19:01:03.300 | [33m[1mWARNING [0m | exo.worker.runner.supervisor:<lambda>:184 ] [33m[1mRunner stderr: [fence-gate-diag] SETTER key=cache ok=True tid=8662072128 ctx_now={'engine': True, 'cache': True}[0m
[ 2026-09-03 19:01:03.370 | [33m[1mWARNING [0m | exo.worker.runner.supervisor:<lambda>:184 ] [33m[1mRunner stderr: [fence-gate-diag] SETTER key=cache ok=False tid=8662072128 ctx_now={'engine': True, 'cache': False}[0m
[ 2026-09-03 19:01:03.370 | [33m[1mWARNING [0m | exo.worker.runner.supervisor:<lambda>:184 ] [33m[1mRunner stderr: [fence-gate-diag] SETTER key=cache ok=True tid=8662072128 ctx_now={'engine': True, 'cache': True}[0m
[ 2026-09-03 19:01:03.374 | [33m[1mWARNING [0m | exo.worker.runner.supervisor:<lambda>:184 ] [33m[1mRunner stderr: [fence-gate-diag] SETTER key=cache ok=True tid=8662072128 ctx_now={'engine': True, 'cache': True}[0m
[ 2026-09-03 19:01:03.449 | [33m[1mWARNING [0m | exo.worker.runner.supervisor:<lambda>:184 ] [33m[1mRunner stderr: [fence-gate-diag] SETTER key=cache ok=False tid=8662072128 ctx_now={'engine': True, 'cache': False}[0m
[ 2026-09-03 19:01:03.450 | [33m[1mWARNING [0m | exo.worker.runner.supervisor:<lambda>:184 ] [33m[1mRunner stderr: [fence-gate-diag] SETTER key=cache ok=True tid=8662072128 ctx_now={'engine': True, 'cache': True}[0m
[ 2026-09-03 19:01:03.454 | [33m[1mWARNING [0m | exo.worker.runner.supervisor:<lambda>:184 ] [33m[1mRunner stderr: [fence-gate-diag] SETTER key=cache ok=True tid=8662072128 ctx_now={'engine': True, 'cache': True}[0m
[ 2026-09-03 19:01:03.525 | [33m[1mWARNING [0m | exo.worker.runner.supervisor:<lambda>:184 ] [33m[1mRunner stderr: [fence-gate-diag] SETTER key=cache ok=False tid=8662072128 ctx_now={'engine': True, 'cache': False}[0m
[ 2026-09-03 19:01:03.526 | [33m[1mWARNING [0m | exo.worker.runner.supervisor:<lambda>:184 ] [33m[1mRunner stderr: [fence-gate-diag] SETTER key=cache ok=True tid=8662072128 ctx_now={'engine': True, 'cache': True}[0m
[ 2026-09-03 19:01:03.529 | [33m[1mWARNING [0m | exo.worker.runner.supervisor:<lambda>:184 ] [33m[1mRunner stderr: [fence-gate-diag] SETTER key=cache ok=True tid=8662072128 ctx_now={'engine': True, 'cache': True}[0m
[ 2026-09-03 19:01:03.619 | [33m[1mWARNING [0m | exo.worker.runner.supervisor:<lambda>:184 ] [33m[1mRunner stderr: [fence-gate-diag] SETTER key=cache ok=False tid=8662072128 ctx_now={'engine': True, 'cache': False}[0m
[ 2026-09-03 19:01:03.620 | [33m[1mWARNING [0m | exo.worker.runner.supervisor:<lambda>:184 ] [33m[1mRunner stderr: [fence-gate-diag] SETTER key=cache ok=True tid=8662072128 ctx_now={'engine': True, 'cache': True}[0m
[ 2026-09-03 19:01:03.624 | [33m[1mWARNING [0m | exo.worker.runner.supervisor:<lambda>:184 ] [33m[1mRunner stderr: [fence-gate-diag] SETTER key=cache ok=True tid=8662072128 ctx_now={'engine': True, 'cache': True}[0m
[ 2026-09-03 19:01:03.684 | [33m[1mWARNING [0m | exo.worker.runner.supervisor:<lambda>:184 ] [33m[1mRunner stderr: [fence-gate-diag] SETTER key=cache ok=False tid=8662072128 ctx_now={'engine': True, 'cache': False}[0m
[ 2026-09-03 19:01:03.684 | [33m[1mWARNING [0m | exo.worker.runner.supervisor:<lambda>:184 ] [33m[1mRunner stderr: [fence-gate-diag] SETTER key=cache ok=True tid=8662072128 ctx_now={'engine': True, 'cache': True}[0m
[ 2026-09-03 19:01:03.689 | [33m[1mWARNING [0m | exo.worker.runner.supervisor:<lambda>:184 ] [33m[1mRunner stderr: [fence-gate-diag] SETTER key=cache ok=True tid=8662072128 ctx_now={'engine': True, 'cache': True}[0m
[ 2026-09-03 19:01:03.774 | [33m[1mWARNING [0m | exo.worker.runner.supervisor:<lambda>:184 ] [33m[1mRunner stderr: [fence-gate-diag] SETTER key=cache ok=False tid=8662072128 ctx_now={'engine': True, 'cache': False}[0m
[ 2026-09-03 19:01:03.775 | [33m[1mWARNING [0m | exo.worker.runner.supervisor:<lambda>:184 ] [33m[1mRunner stderr: [fence-gate-diag] SETTER key=cache ok=True tid=8662072128 ctx_now={'engine': True, 'cache': True}[0m
[ 2026-09-03 19:01:03.778 | [33m[1mWARNING [0m | exo.worker.runner.supervisor:<lambda>:184 ] [33m[1mRunner stderr: [fence-gate-diag] SETTER key=cache ok=True tid=8662072128 ctx_now={'engine': True, 'cache': True}[0m
[ 2026-09-03 19:01:03.848 | [33m[1mWARNING [0m | exo.worker.runner.supervisor:<lambda>:184 ] [33m[1mRunner stderr: [fence-gate-diag] SETTER key=cache ok=False tid=8662072128 ctx_now={'engine': True, 'cache': False}[0m
[ 2026-09-03 19:01:03.849 | [33m[1mWARNING [0m | exo.worker.runner.supervisor:<lambda>:184 ] [33m[1mRunner stderr: [fence-gate-diag] SETTER key=cache ok=True tid=8662072128 ctx_now={'engine': True, 'cache': True}[0m
[ 2026-09-03 19:01:03.852 | [33m[1mWARNING [0m | exo.worker.runner.supervisor:<lambda>:184 ] [33m[1mRunner stderr: [fence-gate-diag] SETTER key=cache ok=True tid=8662072128 ctx_now={'engine': True, 'cache': True}[0m
[ 2026-09-03 19:01:03.943 | [33m[1mWARNING [0m | exo.worker.runner.supervisor:<lambda>:184 ] [33m[1mRunner stderr: [fence-gate-diag] SETTER key=cache ok=False tid=8662072128 ctx_now={'engine': True, 'cache': False}[0m
[ 2026-09-03 19:01:03.944 | [33m[1mWARNING [0m | exo.worker.runner.supervisor:<lambda>:184 ] [33m[1mRunner stderr: [fence-gate-diag] SETTER key=cache ok=True tid=8662072128 ctx_now={'engine': True, 'cache': True}[0m
[ 2026-09-03 19:01:03.947 | [33m[1mWARNING [0m | exo.worker.runner.supervisor:<lambda>:184 ] [33m[1mRunner stderr: [fence-gate-diag] SETTER key=cache ok=True tid=8662072128 ctx_now={'engine': True, 'cache': True}[0m
[ 2026-09-03 19:01:04.006 | [33m[1mWARNING [0m | exo.worker.runner.supervisor:<lambda>:184 ] [33m[1mRunner stderr: [fence-gate-diag] SETTER key=cache ok=False tid=8662072128 ctx_now={'engine': True, 'cache': False}[0m
[ 2026-09-03 19:01:04.007 | [33m[1mWARNING [0m | exo.worker.runner.supervisor:<lambda>:184 ] [33m[1mRunner stderr: [fence-gate-diag] SETTER key=cache ok=True tid=8662072128 ctx_now={'engine': True, 'cache': True}[0m
[ 2026-09-03 19:01:04.011 | [33m[1mWARNING [0m | exo.worker.runner.supervisor:<lambda>:184 ] [33m[1mRunner stderr: [fence-gate-diag] SETTER key=cache ok=True tid=8662072128 ctx_now={'engine': True, 'cache': True}[0m
[ 2026-09-03 19:01:04.098 | [33m[1mWARNING [0m | exo.worker.runner.supervisor:<lambda>:184 ] [33m[1mRunner stderr: [fence-gate-diag] SETTER key=cache ok=False tid=8662072128 ctx_now={'engine': True, 'cache': False}[0m
[ 2026-09-03 19:01:04.099 | [33m[1mWARNING [0m | exo.worker.runner.supervisor:<lambda>:184 ] [33m[1mRunner stderr: [fence-gate-diag] SETTER key=cache ok=True tid=8662072128 ctx_now={'engine': True, 'cache': True}[0m
[ 2026-09-03 19:01:04.102 | [33m[1mWARNING [0m | exo.worker.runner.supervisor:<lambda>:184 ] [33m[1mRunner stderr: [fence-gate-diag] SETTER key=cache ok=True tid=8662072128 ctx_now={'engine': True, 'cache': True}[0m
[ 2026-09-03 19:01:04.177 | [33m[1mWARNING [0m | exo.worker.runner.supervisor:<lambda>:184 ] [33m[1mRunner stderr: [fence-gate-diag] SETTER key=cache ok=False tid=8662072128 ctx_now={'engine': True, 'cache': False}[0m
[ 2026-09-03 19:01:04.177 | [33m[1mWARNING [0m | exo.worker.runner.supervisor:<lambda>:184 ] [33m[1mRunner stderr: [fence-gate-diag] SETTER key=cache ok=True tid=8662072128 ctx_now={'engine': True, 'cache': True}[0m
[ 2026-09-03 19:01:04.181 | [33m[1mWARNING [0m | exo.worker.runner.supervisor:<lambda>:184 ] [33m[1mRunner stderr: [fence-gate-diag] SETTER key=cache ok=True tid=8662072128 ctx_now={'engine': True, 'cache': True}[0m
[ 2026-09-03 19:01:04.241 | [33m[1mWARNING [0m | exo.worker.runner.supervisor:<lambda>:184 ] [33m[1mRunner stderr: [fence-gate-diag] SETTER key=cache ok=False tid=8662072128 ctx_now={'engine': True, 'cache': False}[0m
[ 2026-09-03 19:01:04.241 | [33m[1mWARNING [0m | exo.worker.runner.supervisor:<lambda>:184 ] [33m[1mRunner stderr: [fence-gate-diag] SETTER key=cache ok=True tid=8662072128 ctx_now={'engine': True, 'cache': True}[0m
[ 2026-09-03 19:01:04.244 | [33m[1mWARNING [0m | exo.worker.runner.supervisor:<lambda>:184 ] [33m[1mRunner stderr: [fence-gate-diag] SETTER key=cache ok=True tid=8662072128 ctx_now={'engine': True, 'cache': True}[0m
[ 2026-09-03 19:01:04.336 | [33m[1mWARNING [0m | exo.worker.runner.supervisor:<lambda>:184 ] [33m[1mRunner stderr: [fence-gate-diag] SETTER key=cache ok=True tid=8662072128 ctx_now={'engine': True, 'cache': True}[0m
[ 2026-09-03 19:01:04.430 | [33m[1mWARNING [0m | exo.worker.runner.supervisor:<lambda>:184 ] [33m[1mRunner stderr: [fence-gate-diag] SETTER key=cache ok=True tid=8662072128 ctx_now={'engine': True, 'cache': True}[0m
[ 2026-09-03 19:01:04.518 | [33m[1mWARNING [0m | exo.worker.runner.supervisor:<lambda>:184 ] [33m[1mRunner stderr: [fence-gate-diag] SETTER key=cache ok=False tid=8662072128 ctx_now={'engine': True, 'cache': False}[0m
[ 2026-09-03 19:01:04.519 | [33m[1mWARNING [0m | exo.worker.runner.supervisor:<lambda>:184 ] [33m[1mRunner stderr: [fence-gate-diag] SETTER key=cache ok=True tid=8662072128 ctx_now={'engine': True, 'cache': True}[0m
[ 2026-09-03 19:01:04.522 | [33m[1mWARNING [0m | exo.worker.runner.supervisor:<lambda>:184 ] [33m[1mRunner stderr: [fence-gate-diag] SETTER key=cache ok=True tid=8662072128 ctx_now={'engine': True, 'cache': True}[0m
[ 2026-09-03 19:01:04.612 | [33m[1mWARNING [0m | exo.worker.runner.supervisor:<lambda>:184 ] [33m[1mRunner stderr: [fence-gate-diag] SETTER key=cache ok=False tid=8662072128 ctx_now={'engine': True, 'cache': False}[0m
[ 2026-09-03 19:01:04.613 | [33m[1mWARNING [0m | exo.worker.runner.supervisor:<lambda>:184 ] [33m[1mRunner stderr: [fence-gate-diag] SETTER key=cache ok=True tid=8662072128 ctx_now={'engine': True, 'cache': True}[0m
[ 2026-09-03 19:01:04.616 | [33m[1mWARNING [0m | exo.worker.runner.supervisor:<lambda>:184 ] [33m[1mRunner stderr: [BG_DECODE_PROBE pid=57255] step=256 wall_ms=82.28 gpu_ms=111.51 gpu_pct=135.5[0m
[ 2026-09-03 19:01:04.617 | [33m[1mWARNING [0m | exo.worker.runner.supervisor:<lambda>:184 ] [33m[1mRunner stderr: [fence-gate-diag] SETTER key=cache ok=True tid=8662072128 ctx_now={'engine': True, 'cache': True}[0m
[ 2026-09-03 19:01:04.704 | [33m[1mWARNING [0m | exo.worker.runner.supervisor:<lambda>:184 ] [33m[1mRunner stderr: [fence-gate-diag] SETTER key=cache ok=False tid=8662072128 ctx_now={'engine': True, 'cache': False}[0m
[ 2026-09-03 19:01:04.705 | [33m[1mWARNING [0m | exo.worker.runner.supervisor:<lambda>:184 ] [33m[1mRunner stderr: [fence-gate-diag] SETTER key=cache ok=True tid=8662072128 ctx_now={'engine': True, 'cache': True}[0m
[ 2026-09-03 19:01:04.709 | [33m[1mWARNING [0m | exo.worker.runner.supervisor:<lambda>:184 ] [33m[1mRunner stderr: [fence-gate-diag] SETTER key=cache ok=True tid=8662072128 ctx_now={'engine': True, 'cache': True}[0m
[ 2026-09-03 19:01:04.769 | [33m[1mWARNING [0m | exo.worker.runner.supervisor:<lambda>:184 ] [33m[1mRunner stderr: [fence-gate-diag] SETTER key=cache ok=True tid=8662072128 ctx_now={'engine': True, 'cache': True}[0m
[ 2026-09-03 19:01:04.833 | [33m[1mWARNING [0m | exo.worker.runner.supervisor:<lambda>:184 ] [33m[1mRunner stderr: [fence-gate-diag] SETTER key=cache ok=True tid=8662072128 ctx_now={'engine': True, 'cache': True}[0m
[ 2026-09-03 19:01:04.889 | [33m[1mWARNING [0m | exo.worker.runner.supervisor:<lambda>:184 ] [33m[1mRunner stderr: [fence-gate-diag] SETTER key=cache ok=False tid=8662072128 ctx_now={'engine': True, 'cache': False}[0m
[ 2026-09-03 19:01:04.889 | [33m[1mWARNING [0m | exo.worker.runner.supervisor:<lambda>:184 ] [33m[1mRunner stderr: [fence-gate-diag] SETTER key=cache ok=True tid=8662072128 ctx_now={'engine': True, 'cache': True}[0m
[ 2026-09-03 19:01:04.893 | [33m[1mWARNING [0m | exo.worker.runner.supervisor:<lambda>:184 ] [33m[1mRunner stderr: [fence-gate-diag] SETTER key=cache ok=True tid=8662072128 ctx_now={'engine': True, 'cache': True}[0m
[ 2026-09-03 19:01:04.982 | [33m[1mWARNING [0m | exo.worker.runner.supervisor:<lambda>:184 ] [33m[1mRunner stderr: [fence-gate-diag] SETTER key=cache ok=False tid=8662072128 ctx_now={'engine': True, 'cache': False}[0m
[ 2026-09-03 19:01:04.984 | [33m[1mWARNING [0m | exo.worker.runner.supervisor:<lambda>:184 ] [33m[1mRunner stderr: [fence-gate-diag] SETTER key=cache ok=True tid=8662072128 ctx_now={'engine': True, 'cache': True}[0m
[ 2026-09-03 19:01:04.987 | [33m[1mWARNING [0m | exo.worker.runner.supervisor:<lambda>:184 ] [33m[1mRunner stderr: [fence-gate-diag] SETTER key=cache ok=True tid=8662072128 ctx_now={'engine': True, 'cache': True}[0m
[ 2026-09-03 19:01:05.063 | [33m[1mWARNING [0m | exo.worker.runner.supervisor:<lambda>:184 ] [33m[1mRunner stderr: [fence-gate-diag] SETTER key=cache ok=True tid=8662072128 ctx_now={'engine': True, 'cache': True}[0m
[ 2026-09-03 19:01:05.156 | [33m[1mWARNING [0m | exo.worker.runner.supervisor:<lambda>:184 ] [33m[1mRunner stderr: [fence-gate-diag] SETTER key=cache ok=True tid=8662072128 ctx_now={'engine': True, 'cache': True}[0m
[ 2026-09-03 19:01:05.250 | [33m[1mWARNING [0m | exo.worker.runner.supervisor:<lambda>:184 ] [33m[1mRunner stderr: [fence-gate-diag] SETTER key=cache ok=True tid=8662072128 ctx_now={'engine': True, 'cache': True}[0m
[ 2026-09-03 19:01:05.342 | [33m[1mWARNING [0m | exo.worker.runner.supervisor:<lambda>:184 ] [33m[1mRunner stderr: [fence-gate-diag] SETTER key=cache ok=True tid=8662072128 ctx_now={'engine': True, 'cache': True}[0m
[ 2026-09-03 19:01:05.434 | [33m[1mWARNING [0m | exo.worker.runner.supervisor:<lambda>:184 ] [33m[1mRunner stderr: [fence-gate-diag] SETTER key=cache ok=True tid=8662072128 ctx_now={'engine': True, 'cache': True}[0m
[ 2026-09-03 19:01:05.528 | [33m[1mWARNING [0m | exo.worker.runner.supervisor:<lambda>:184 ] [33m[1mRunner stderr: [fence-gate-diag] SETTER key=cache ok=True tid=8662072128 ctx_now={'engine': True, 'cache': True}[0m
[ 2026-09-03 19:01:05.618 | [33m[1mWARNING [0m | exo.worker.runner.supervisor:<lambda>:184 ] [33m[1mRunner stderr: [fence-gate-diag] SETTER key=cache ok=True tid=8662072128 ctx_now={'engine': True, 'cache': True}[0m
[ 2026-09-03 19:01:05.710 | [33m[1mWARNING [0m | exo.worker.runner.supervisor:<lambda>:184 ] [33m[1mRunner stderr: [fence-gate-diag] SETTER key=cache ok=True tid=8662072128 ctx_now={'engine': True, 'cache': True}[0m
[ 2026-09-03 19:01:05.802 | [33m[1mWARNING [0m | exo.worker.runner.supervisor:<lambda>:184 ] [33m[1mRunner stderr: [fence-gate-diag] SETTER key=cache ok=True tid=8662072128 ctx_now={'engine': True, 'cache': True}[0m
[ 2026-09-03 19:01:05.896 | [33m[1mWARNING [0m | exo.worker.runner.supervisor:<lambda>:184 ] [33m[1mRunner stderr: [fence-gate-diag] SETTER key=cache ok=True tid=8662072128 ctx_now={'engine': True, 'cache': True}[0m
[ 2026-09-03 19:01:05.988 | [33m[1mWARNING [0m | exo.worker.runner.supervisor:<lambda>:184 ] [33m[1mRunner stderr: [BG_DECODE_PROBE pid=57255] step=272 wall_ms=85.65 gpu_ms=124.84 gpu_pct=145.8[0m
[ 2026-09-03 19:01:05.988 | [33m[1mWARNING [0m | exo.worker.runner.supervisor:<lambda>:184 ] [33m[1mRunner stderr: [fence-gate-diag] SETTER key=cache ok=True tid=8662072128 ctx_now={'engine': True, 'cache': True}[0m
[ 2026-09-03 19:01:06.132 | [33m[1mWARNING [0m | exo.worker.runner.supervisor:<lambda>:184 ] [33m[1mRunner stderr: [fence-gate-diag] SETTER key=cache ok=True tid=8662072128 ctx_now={'engine': True, 'cache': True}[0m
[ 2026-09-03 19:01:06.226 | [33m[1mWARNING [0m | exo.worker.runner.supervisor:<lambda>:184 ] [33m[1mRunner stderr: [fence-gate-diag] SETTER key=cache ok=True tid=8662072128 ctx_now={'engine': True, 'cache': True}[0m
[ 2026-09-03 19:01:06.319 | [33m[1mWARNING [0m | exo.worker.runner.supervisor:<lambda>:184 ] [33m[1mRunner stderr: [fence-gate-diag] SETTER key=cache ok=True tid=8662072128 ctx_now={'engine': True, 'cache': True}[0m
[ 2026-09-03 19:01:06.412 | [33m[1mWARNING [0m | exo.worker.runner.supervisor:<lambda>:184 ] [33m[1mRunner stderr: [fence-gate-diag] SETTER key=cache ok=True tid=8662072128 ctx_now={'engine': True, 'cache': True}[0m
[ 2026-09-03 19:01:06.502 | [33m[1mWARNING [0m | exo.worker.runner.supervisor:<lambda>:184 ] [33m[1mRunner stderr: [fence-gate-diag] SETTER key=engine ok=False tid=8662072128 ctx_now={'engine': False, 'cache': True}[0m
