[ 2026-09-03 18:57:53.215 | [33m[1mWARNING [0m | exo.worker.runner.supervisor:<lambda>:184 ] [33m[1mRunner stderr: [fence-gate-diag] n=1 FENCE_ASYNC=True engine=False cache=False cache_registered=True B=1 MAX_B=1 L=13[0m
[ 2026-09-03 18:57:53.248 | [33m[1mWARNING [0m | exo.worker.runner.supervisor:<lambda>:184 ] [33m[1mRunner stderr: [fence-gate-diag] n=2 FENCE_ASYNC=True engine=False cache=False cache_registered=True B=1 MAX_B=1 L=13[0m
[ 2026-09-03 18:57:53.263 | [33m[1mWARNING [0m | exo.worker.runner.supervisor:<lambda>:184 ] [33m[1mRunner stderr: [fence-gate-diag] n=3 FENCE_ASYNC=True engine=False cache=False cache_registered=True B=1 MAX_B=1 L=13[0m
[ 2026-09-03 18:57:53.286 | [33m[1mWARNING [0m | exo.worker.runner.supervisor:<lambda>:184 ] [33m[1mRunner stderr: [fence-gate-diag] n=4 FENCE_ASYNC=True engine=False cache=False cache_registered=True B=1 MAX_B=1 L=13[0m
[ 2026-09-03 18:57:53.306 | [33m[1mWARNING [0m | exo.worker.runner.supervisor:<lambda>:184 ] [33m[1mRunner stderr: [fence-gate-diag] n=5 FENCE_ASYNC=True engine=False cache=False cache_registered=True B=1 MAX_B=1 L=13[0m
[ 2026-09-03 18:57:53.321 | [33m[1mWARNING [0m | exo.worker.runner.supervisor:<lambda>:184 ] [33m[1mRunner stderr: [fence-gate-diag] n=6 FENCE_ASYNC=True engine=False cache=False cache_registered=True B=1 MAX_B=1 L=13[0m
[ 2026-09-03 18:57:53.336 | [33m[1mWARNING [0m | exo.worker.runner.supervisor:<lambda>:184 ] [33m[1mRunner stderr: [fence-gate-diag] n=7 FENCE_ASYNC=True engine=False cache=False cache_registered=True B=1 MAX_B=1 L=13[0m
[ 2026-09-03 18:57:53.352 | [33m[1mWARNING [0m | exo.worker.runner.supervisor:<lambda>:184 ] [33m[1mRunner stderr: [fence-gate-diag] n=8 FENCE_ASYNC=True engine=False cache=False cache_registered=True B=1 MAX_B=1 L=13[0m
[ 2026-09-03 18:57:53.367 | [33m[1mWARNING [0m | exo.worker.runner.supervisor:<lambda>:184 ] [33m[1mRunner stderr: [fence-gate-diag] n=9 FENCE_ASYNC=True engine=False cache=False cache_registered=True B=1 MAX_B=1 L=13[0m
[ 2026-09-03 18:57:53.390 | [33m[1mWARNING [0m | exo.worker.runner.supervisor:<lambda>:184 ] [33m[1mRunner stderr: [fence-gate-diag] n=10 FENCE_ASYNC=True engine=False cache=False cache_registered=True B=1 MAX_B=1 L=13[0m
[ 2026-09-03 18:57:53.406 | [33m[1mWARNING [0m | exo.worker.runner.supervisor:<lambda>:184 ] [33m[1mRunner stderr: [fence-gate-diag] n=11 FENCE_ASYNC=True engine=False cache=False cache_registered=True B=1 MAX_B=1 L=13[0m
[ 2026-09-03 18:57:53.421 | [33m[1mWARNING [0m | exo.worker.runner.supervisor:<lambda>:184 ] [33m[1mRunner stderr: [fence-gate-diag] n=12 FENCE_ASYNC=True engine=False cache=False cache_registered=True B=1 MAX_B=1 L=13[0m
[ 2026-09-03 18:57:53.437 | [33m[1mWARNING [0m | exo.worker.runner.supervisor:<lambda>:184 ] [33m[1mRunner stderr: [fence-gate-diag] n=13 FENCE_ASYNC=True engine=False cache=False cache_registered=True B=1 MAX_B=1 L=13[0m
[ 2026-09-03 18:57:53.456 | [33m[1mWARNING [0m | exo.worker.runner.supervisor:<lambda>:184 ] [33m[1mRunner stderr: [fence-gate-diag] n=14 FENCE_ASYNC=True engine=False cache=False cache_registered=True B=1 MAX_B=1 L=13[0m
[ 2026-09-03 18:57:53.475 | [33m[1mWARNING [0m | exo.worker.runner.supervisor:<lambda>:184 ] [33m[1mRunner stderr: [fence-gate-diag] n=15 FENCE_ASYNC=True engine=False cache=False cache_registered=True B=1 MAX_B=1 L=13[0m
[ 2026-09-03 18:57:53.491 | [33m[1mWARNING [0m | exo.worker.runner.supervisor:<lambda>:184 ] [33m[1mRunner stderr: [fence-gate-diag] n=16 FENCE_ASYNC=True engine=False cache=False cache_registered=True B=1 MAX_B=1 L=13[0m
[ 2026-09-03 18:57:53.507 | [33m[1mWARNING [0m | exo.worker.runner.supervisor:<lambda>:184 ] [33m[1mRunner stderr: [fence-gate-diag] n=17 FENCE_ASYNC=True engine=False cache=False cache_registered=True B=1 MAX_B=1 L=13[0m
[ 2026-09-03 18:57:53.535 | [33m[1mWARNING [0m | exo.worker.runner.supervisor:<lambda>:184 ] [33m[1mRunner stderr: [fence-gate-diag] n=18 FENCE_ASYNC=True engine=False cache=False cache_registered=True B=1 MAX_B=1 L=13[0m
[ 2026-09-03 18:57:53.550 | [33m[1mWARNING [0m | exo.worker.runner.supervisor:<lambda>:184 ] [33m[1mRunner stderr: [fence-gate-diag] n=19 FENCE_ASYNC=True engine=False cache=False cache_registered=True B=1 MAX_B=1 L=13[0m
[ 2026-09-03 18:57:53.597 | [33m[1mWARNING [0m | exo.worker.runner.supervisor:<lambda>:184 ] [33m[1mRunner stderr: [fence-gate-diag] n=20 FENCE_ASYNC=True engine=False cache=False cache_registered=True B=1 MAX_B=1 L=13[0m
[ 2026-09-03 18:57:53.782 | [33m[1mWARNING [0m | exo.worker.runner.supervisor:<lambda>:184 ] [33m[1mRunner stderr: [fence-gate-diag] n=21 FENCE_ASYNC=True engine=False cache=False cache_registered=True B=1 MAX_B=1 L=13[0m
[ 2026-09-03 18:57:53.972 | [33m[1mWARNING [0m | exo.worker.runner.supervisor:<lambda>:184 ] [33m[1mRunner stderr: [fence-gate-diag] n=22 FENCE_ASYNC=True engine=False cache=False cache_registered=True B=1 MAX_B=1 L=13[0m
[ 2026-09-03 18:57:54.170 | [33m[1mWARNING [0m | exo.worker.runner.supervisor:<lambda>:184 ] [33m[1mRunner stderr: [fence-gate-diag] n=23 FENCE_ASYNC=True engine=False cache=False cache_registered=True B=1 MAX_B=1 L=13[0m
[ 2026-09-03 18:57:54.369 | [33m[1mWARNING [0m | exo.worker.runner.supervisor:<lambda>:184 ] [33m[1mRunner stderr: [fence-gate-diag] n=24 FENCE_ASYNC=True engine=False cache=False cache_registered=True B=1 MAX_B=1 L=13[0m
[ 2026-09-03 18:57:54.591 | [33m[1mWARNING [0m | exo.worker.runner.supervisor:<lambda>:184 ] [33m[1mRunner stderr: [fence-gate-diag] n=25 FENCE_ASYNC=True engine=False cache=False cache_registered=True B=1 MAX_B=1 L=13[0m
[ 2026-09-03 18:57:54.837 | [33m[1mWARNING [0m | exo.worker.runner.supervisor:<lambda>:184 ] [33m[1mRunner stderr: [fence-gate-diag] n=26 FENCE_ASYNC=True engine=False cache=False cache_registered=True B=1 MAX_B=1 L=13[0m
[ 2026-09-03 18:57:55.048 | [33m[1mWARNING [0m | exo.worker.runner.supervisor:<lambda>:184 ] [33m[1mRunner stderr: [fence-gate-diag] n=27 FENCE_ASYNC=True engine=False cache=False cache_registered=True B=1 MAX_B=1 L=13[0m
[ 2026-09-03 18:57:55.254 | [33m[1mWARNING [0m | exo.worker.runner.supervisor:<lambda>:184 ] [33m[1mRunner stderr: [fence-gate-diag] n=28 FENCE_ASYNC=True engine=False cache=False cache_registered=True B=1 MAX_B=1 L=13[0m
[ 2026-09-03 18:57:55.455 | [33m[1mWARNING [0m | exo.worker.runner.supervisor:<lambda>:184 ] [33m[1mRunner stderr: [fence-gate-diag] n=29 FENCE_ASYNC=True engine=False cache=False cache_registered=True B=1 MAX_B=1 L=13[0m
[ 2026-09-03 18:57:55.661 | [33m[1mWARNING [0m | exo.worker.runner.supervisor:<lambda>:184 ] [33m[1mRunner stderr: [fence-gate-diag] n=30 FENCE_ASYNC=True engine=False cache=False cache_registered=True B=1 MAX_B=1 L=13[0m
[ 2026-09-03 18:57:59.147 | [33m[1mWARNING [0m | exo.worker.runner.supervisor:<lambda>:184 ] [33m[1mRunner stderr: [fence-gate-diag] n=200 FENCE_ASYNC=True engine=False cache=False cache_registered=True B=1 MAX_B=1 L=1[0m
[ 2026-09-03 18:57:59.376 | [33m[1mWARNING [0m | exo.worker.runner.supervisor:<lambda>:184 ] [33m[1mRunner stderr: [fence-gate-diag] n=400 FENCE_ASYNC=True engine=False cache=False cache_registered=True B=1 MAX_B=1 L=1[0m
[ 2026-09-03 18:57:59.586 | [33m[1mWARNING [0m | exo.worker.runner.supervisor:<lambda>:184 ] [33m[1mRunner stderr: [fence-gate-diag] n=600 FENCE_ASYNC=True engine=False cache=False cache_registered=True B=1 MAX_B=1 L=1[0m
[ 2026-09-03 18:57:59.800 | [33m[1mWARNING [0m | exo.worker.runner.supervisor:<lambda>:184 ] [33m[1mRunner stderr: [fence-gate-diag] n=800 FENCE_ASYNC=True engine=False cache=False cache_registered=True B=1 MAX_B=1 L=1[0m
[ 2026-09-03 18:58:00.016 | [33m[1mWARNING [0m | exo.worker.runner.supervisor:<lambda>:184 ] [33m[1mRunner stderr: [fence-gate-diag] n=1000 FENCE_ASYNC=True engine=False cache=False cache_registered=True B=1 MAX_B=1 L=1[0m
[ 2026-09-03 18:58:00.229 | [33m[1mWARNING [0m | exo.worker.runner.supervisor:<lambda>:184 ] [33m[1mRunner stderr: [fence-gate-diag] n=1200 FENCE_ASYNC=True engine=False cache=False cache_registered=True B=1 MAX_B=1 L=1[0m
[ 2026-09-03 18:58:00.432 | [33m[1mWARNING [0m | exo.worker.runner.supervisor:<lambda>:184 ] [33m[1mRunner stderr: [fence-gate-diag] n=1400 FENCE_ASYNC=True engine=False cache=False cache_registered=True B=1 MAX_B=1 L=1[0m
[ 2026-09-03 18:58:00.634 | [33m[1mWARNING [0m | exo.worker.runner.supervisor:<lambda>:184 ] [33m[1mRunner stderr: [fence-gate-diag] n=1600 FENCE_ASYNC=True engine=False cache=False cache_registered=True B=1 MAX_B=1 L=1[0m
[ 2026-09-03 18:58:00.839 | [33m[1mWARNING [0m | exo.worker.runner.supervisor:<lambda>:184 ] [33m[1mRunner stderr: [fence-gate-diag] n=1800 FENCE_ASYNC=True engine=False cache=False cache_registered=True B=1 MAX_B=1 L=1[0m
[ 2026-09-03 18:58:01.057 | [33m[1mWARNING [0m | exo.worker.runner.supervisor:<lambda>:184 ] [33m[1mRunner stderr: [fence-gate-diag] n=2000 FENCE_ASYNC=True engine=False cache=False cache_registered=True B=1 MAX_B=1 L=1[0m
[ 2026-09-03 18:58:01.281 | [33m[1mWARNING [0m | exo.worker.runner.supervisor:<lambda>:184 ] [33m[1mRunner stderr: [fence-gate-diag] n=2200 FENCE_ASYNC=True engine=False cache=False cache_registered=True B=1 MAX_B=1 L=1[0m
[ 2026-09-03 18:58:07.042 | [33m[1mWARNING [0m | exo.worker.runner.supervisor:<lambda>:184 ] [33m[1mRunner stderr: [fence-gate-diag] SETTER key=engine ok=False tid=8273263424 ctx_now={'engine': False, 'cache': False}[0m
[ 2026-09-03 18:58:10.654 | [33m[1mWARNING [0m | exo.worker.runner.supervisor:<lambda>:184 ] [33m[1mRunner stderr: [fence-gate-diag] n=2400 FENCE_ASYNC=True engine=False cache=False cache_registered=True B=1 MAX_B=1 L=2048[0m
[ 2026-09-03 18:58:32.778 | [33m[1mWARNING [0m | exo.worker.runner.supervisor:<lambda>:184 ] [33m[1mRunner stderr: [fence-gate-diag] n=2600 FENCE_ASYNC=True engine=False cache=False cache_registered=True B=1 MAX_B=1 L=2048[0m
[ 2026-09-03 18:58:54.831 | [33m[1mWARNING [0m | exo.worker.runner.supervisor:<lambda>:184 ] [33m[1mRunner stderr: [fence-gate-diag] n=2800 FENCE_ASYNC=True engine=False cache=False cache_registered=True B=1 MAX_B=1 L=2048[0m
[ 2026-09-03 18:59:16.943 | [33m[1mWARNING [0m | exo.worker.runner.supervisor:<lambda>:184 ] [33m[1mRunner stderr: [fence-gate-diag] n=3000 FENCE_ASYNC=True engine=False cache=False cache_registered=True B=1 MAX_B=1 L=2048[0m
[ 2026-09-03 18:59:39.537 | [33m[1mWARNING [0m | exo.worker.runner.supervisor:<lambda>:184 ] [33m[1mRunner stderr: [fence-gate-diag] n=3200 FENCE_ASYNC=True engine=False cache=False cache_registered=True B=1 MAX_B=1 L=2048[0m
[ 2026-09-03 19:00:02.326 | [33m[1mWARNING [0m | exo.worker.runner.supervisor:<lambda>:184 ] [33m[1mRunner stderr: [fence-gate-diag] n=3400 FENCE_ASYNC=True engine=False cache=False cache_registered=True B=1 MAX_B=1 L=2048[0m
[ 2026-09-03 19:00:24.788 | [33m[1mWARNING [0m | exo.worker.runner.supervisor:<lambda>:184 ] [33m[1mRunner stderr: [fence-gate-diag] n=3600 FENCE_ASYNC=True engine=False cache=False cache_registered=True B=1 MAX_B=1 L=2048[0m
[ 2026-09-03 19:00:34.549 | [33m[1mWARNING [0m | exo.worker.runner.supervisor:<lambda>:184 ] [33m[1mRunner stderr: [fence-gate-diag] SETTER key=cache ok=False tid=8273263424 ctx_now={'engine': False, 'cache': False}[0m
[ 2026-09-03 19:00:34.633 | [33m[1mWARNING [0m | exo.worker.runner.supervisor:<lambda>:184 ] [33m[1mRunner stderr: [fence-gate-diag] SETTER key=cache ok=False tid=8273263424 ctx_now={'engine': False, 'cache': False}[0m
[ 2026-09-03 19:00:34.633 | [33m[1mWARNING [0m | exo.worker.runner.supervisor:<lambda>:184 ] [33m[1mRunner stderr: [fence-gate-diag] SETTER key=cache ok=True tid=8273263424 ctx_now={'engine': False, 'cache': True}[0m
[ 2026-09-03 19:00:34.671 | [33m[1mWARNING [0m | exo.worker.runner.supervisor:<lambda>:184 ] [33m[1mRunner stderr: [fence-gate-diag] SETTER key=engine ok=True tid=8273263424 ctx_now={'engine': True, 'cache': True}[0m
[ 2026-09-03 19:00:34.839 | [33m[1mWARNING [0m | exo.worker.runner.supervisor:<lambda>:184 ] [33m[1mRunner stderr: [fence-gate-diag] SETTER key=cache ok=True tid=8273263424 ctx_now={'engine': True, 'cache': True}[0m
[ 2026-09-03 19:00:34.978 | [33m[1mWARNING [0m | exo.worker.runner.supervisor:<lambda>:184 ] [33m[1mRunner stderr: [fence-gate-diag] SETTER key=cache ok=True tid=8273263424 ctx_now={'engine': True, 'cache': True}[0m
[ 2026-09-03 19:00:35.050 | [33m[1mWARNING [0m | exo.worker.runner.supervisor:<lambda>:184 ] [33m[1mRunner stderr: [fence-gate-diag] SETTER key=cache ok=False tid=8273263424 ctx_now={'engine': True, 'cache': False}[0m
[ 2026-09-03 19:00:35.051 | [33m[1mWARNING [0m | exo.worker.runner.supervisor:<lambda>:184 ] [33m[1mRunner stderr: [fence-gate-diag] SETTER key=cache ok=True tid=8273263424 ctx_now={'engine': True, 'cache': True}[0m
[ 2026-09-03 19:00:35.055 | [33m[1mWARNING [0m | exo.worker.runner.supervisor:<lambda>:184 ] [33m[1mRunner stderr: [fence-gate-diag] SETTER key=cache ok=True tid=8273263424 ctx_now={'engine': True, 'cache': True}[0m
[ 2026-09-03 19:00:35.124 | [33m[1mWARNING [0m | exo.worker.runner.supervisor:<lambda>:184 ] [33m[1mRunner stderr: [fence-gate-diag] SETTER key=cache ok=False tid=8273263424 ctx_now={'engine': True, 'cache': False}[0m
[ 2026-09-03 19:00:35.125 | [33m[1mWARNING [0m | exo.worker.runner.supervisor:<lambda>:184 ] [33m[1mRunner stderr: [fence-gate-diag] SETTER key=cache ok=True tid=8273263424 ctx_now={'engine': True, 'cache': True}[0m
[ 2026-09-03 19:00:35.129 | [33m[1mWARNING [0m | exo.worker.runner.supervisor:<lambda>:184 ] [33m[1mRunner stderr: [fence-gate-diag] SETTER key=cache ok=True tid=8273263424 ctx_now={'engine': True, 'cache': True}[0m
[ 2026-09-03 19:00:35.192 | [33m[1mWARNING [0m | exo.worker.runner.supervisor:<lambda>:184 ] [33m[1mRunner stderr: [fence-gate-diag] SETTER key=cache ok=False tid=8273263424 ctx_now={'engine': True, 'cache': False}[0m
[ 2026-09-03 19:00:35.192 | [33m[1mWARNING [0m | exo.worker.runner.supervisor:<lambda>:184 ] [33m[1mRunner stderr: [fence-gate-diag] SETTER key=cache ok=True tid=8273263424 ctx_now={'engine': True, 'cache': True}[0m
[ 2026-09-03 19:00:35.196 | [33m[1mWARNING [0m | exo.worker.runner.supervisor:<lambda>:184 ] [33m[1mRunner stderr: [fence-gate-diag] SETTER key=cache ok=True tid=8273263424 ctx_now={'engine': True, 'cache': True}[0m
[ 2026-09-03 19:00:35.275 | [33m[1mWARNING [0m | exo.worker.runner.supervisor:<lambda>:184 ] [33m[1mRunner stderr: [fence-gate-diag] SETTER key=cache ok=False tid=8273263424 ctx_now={'engine': True, 'cache': False}[0m
[ 2026-09-03 19:00:35.277 | [33m[1mWARNING [0m | exo.worker.runner.supervisor:<lambda>:184 ] [33m[1mRunner stderr: [fence-gate-diag] SETTER key=cache ok=True tid=8273263424 ctx_now={'engine': True, 'cache': True}[0m
[ 2026-09-03 19:00:35.281 | [33m[1mWARNING [0m | exo.worker.runner.supervisor:<lambda>:184 ] [33m[1mRunner stderr: [fence-gate-diag] SETTER key=cache ok=True tid=8273263424 ctx_now={'engine': True, 'cache': True}[0m
[ 2026-09-03 19:00:35.346 | [33m[1mWARNING [0m | exo.worker.runner.supervisor:<lambda>:184 ] [33m[1mRunner stderr: [fence-gate-diag] SETTER key=cache ok=True tid=8273263424 ctx_now={'engine': True, 'cache': True}[0m
[ 2026-09-03 19:00:35.415 | [33m[1mWARNING [0m | exo.worker.runner.supervisor:<lambda>:184 ] [33m[1mRunner stderr: [fence-gate-diag] SETTER key=cache ok=False tid=8273263424 ctx_now={'engine': True, 'cache': False}[0m
[ 2026-09-03 19:00:35.417 | [33m[1mWARNING [0m | exo.worker.runner.supervisor:<lambda>:184 ] [33m[1mRunner stderr: [fence-gate-diag] SETTER key=cache ok=True tid=8273263424 ctx_now={'engine': True, 'cache': True}[0m
[ 2026-09-03 19:00:35.420 | [33m[1mWARNING [0m | exo.worker.runner.supervisor:<lambda>:184 ] [33m[1mRunner stderr: [fence-gate-diag] SETTER key=cache ok=True tid=8273263424 ctx_now={'engine': True, 'cache': True}[0m
[ 2026-09-03 19:00:35.489 | [33m[1mWARNING [0m | exo.worker.runner.supervisor:<lambda>:184 ] [33m[1mRunner stderr: [fence-gate-diag] SETTER key=cache ok=False tid=8273263424 ctx_now={'engine': True, 'cache': False}[0m
[ 2026-09-03 19:00:35.489 | [33m[1mWARNING [0m | exo.worker.runner.supervisor:<lambda>:184 ] [33m[1mRunner stderr: [fence-gate-diag] SETTER key=cache ok=True tid=8273263424 ctx_now={'engine': True, 'cache': True}[0m
[ 2026-09-03 19:00:35.493 | [33m[1mWARNING [0m | exo.worker.runner.supervisor:<lambda>:184 ] [33m[1mRunner stderr: [fence-gate-diag] SETTER key=cache ok=True tid=8273263424 ctx_now={'engine': True, 'cache': True}[0m
[ 2026-09-03 19:00:35.550 | [33m[1mWARNING [0m | exo.worker.runner.supervisor:<lambda>:184 ] [33m[1mRunner stderr: [fence-gate-diag] SETTER key=cache ok=False tid=8273263424 ctx_now={'engine': True, 'cache': False}[0m
[ 2026-09-03 19:00:35.551 | [33m[1mWARNING [0m | exo.worker.runner.supervisor:<lambda>:184 ] [33m[1mRunner stderr: [fence-gate-diag] SETTER key=cache ok=True tid=8273263424 ctx_now={'engine': True, 'cache': True}[0m
[ 2026-09-03 19:00:35.554 | [33m[1mWARNING [0m | exo.worker.runner.supervisor:<lambda>:184 ] [33m[1mRunner stderr: [fence-gate-diag] SETTER key=cache ok=True tid=8273263424 ctx_now={'engine': True, 'cache': True}[0m
[ 2026-09-03 19:00:35.624 | [33m[1mWARNING [0m | exo.worker.runner.supervisor:<lambda>:184 ] [33m[1mRunner stderr: [fence-gate-diag] SETTER key=cache ok=False tid=8273263424 ctx_now={'engine': True, 'cache': False}[0m
[ 2026-09-03 19:00:35.625 | [33m[1mWARNING [0m | exo.worker.runner.supervisor:<lambda>:184 ] [33m[1mRunner stderr: [fence-gate-diag] SETTER key=cache ok=True tid=8273263424 ctx_now={'engine': True, 'cache': True}[0m
[ 2026-09-03 19:00:35.628 | [33m[1mWARNING [0m | exo.worker.runner.supervisor:<lambda>:184 ] [33m[1mRunner stderr: [fence-gate-diag] SETTER key=cache ok=True tid=8273263424 ctx_now={'engine': True, 'cache': True}[0m
[ 2026-09-03 19:00:35.685 | [33m[1mWARNING [0m | exo.worker.runner.supervisor:<lambda>:184 ] [33m[1mRunner stderr: [fence-gate-diag] SETTER key=cache ok=True tid=8273263424 ctx_now={'engine': True, 'cache': True}[0m
[ 2026-09-03 19:00:35.754 | [33m[1mWARNING [0m | exo.worker.runner.supervisor:<lambda>:184 ] [33m[1mRunner stderr: [fence-gate-diag] SETTER key=cache ok=False tid=8273263424 ctx_now={'engine': True, 'cache': False}[0m
[ 2026-09-03 19:00:35.755 | [33m[1mWARNING [0m | exo.worker.runner.supervisor:<lambda>:184 ] [33m[1mRunner stderr: [fence-gate-diag] SETTER key=cache ok=True tid=8273263424 ctx_now={'engine': True, 'cache': True}[0m
[ 2026-09-03 19:00:35.758 | [33m[1mWARNING [0m | exo.worker.runner.supervisor:<lambda>:184 ] [33m[1mRunner stderr: [BG_DECODE_PROBE pid=62651] step=16 wall_ms=66.12 gpu_ms=51.22 gpu_pct=77.5[0m
[ 2026-09-03 19:00:35.759 | [33m[1mWARNING [0m | exo.worker.runner.supervisor:<lambda>:184 ] [33m[1mRunner stderr: [fence-gate-diag] SETTER key=cache ok=True tid=8273263424 ctx_now={'engine': True, 'cache': True}[0m
[ 2026-09-03 19:00:35.845 | [33m[1mWARNING [0m | exo.worker.runner.supervisor:<lambda>:184 ] [33m[1mRunner stderr: [fence-gate-diag] SETTER key=cache ok=True tid=8273263424 ctx_now={'engine': True, 'cache': True}[0m
[ 2026-09-03 19:00:35.919 | [33m[1mWARNING [0m | exo.worker.runner.supervisor:<lambda>:184 ] [33m[1mRunner stderr: [fence-gate-diag] SETTER key=cache ok=True tid=8273263424 ctx_now={'engine': True, 'cache': True}[0m
[ 2026-09-03 19:00:35.993 | [33m[1mWARNING [0m | exo.worker.runner.supervisor:<lambda>:184 ] [33m[1mRunner stderr: [fence-gate-diag] SETTER key=cache ok=True tid=8273263424 ctx_now={'engine': True, 'cache': True}[0m
[ 2026-09-03 19:00:36.069 | [33m[1mWARNING [0m | exo.worker.runner.supervisor:<lambda>:184 ] [33m[1mRunner stderr: [fence-gate-diag] SETTER key=cache ok=True tid=8273263424 ctx_now={'engine': True, 'cache': True}[0m
[ 2026-09-03 19:00:36.142 | [33m[1mWARNING [0m | exo.worker.runner.supervisor:<lambda>:184 ] [33m[1mRunner stderr: [fence-gate-diag] SETTER key=cache ok=True tid=8273263424 ctx_now={'engine': True, 'cache': True}[0m
[ 2026-09-03 19:00:36.216 | [33m[1mWARNING [0m | exo.worker.runner.supervisor:<lambda>:184 ] [33m[1mRunner stderr: [fence-gate-diag] SETTER key=cache ok=True tid=8273263424 ctx_now={'engine': True, 'cache': True}[0m
[ 2026-09-03 19:00:36.275 | [33m[1mWARNING [0m | exo.worker.runner.supervisor:<lambda>:184 ] [33m[1mRunner stderr: [fence-gate-diag] SETTER key=cache ok=False tid=8273263424 ctx_now={'engine': True, 'cache': False}[0m
[ 2026-09-03 19:00:36.276 | [33m[1mWARNING [0m | exo.worker.runner.supervisor:<lambda>:184 ] [33m[1mRunner stderr: [fence-gate-diag] SETTER key=cache ok=True tid=8273263424 ctx_now={'engine': True, 'cache': True}[0m
[ 2026-09-03 19:00:36.279 | [33m[1mWARNING [0m | exo.worker.runner.supervisor:<lambda>:184 ] [33m[1mRunner stderr: [fence-gate-diag] SETTER key=cache ok=True tid=8273263424 ctx_now={'engine': True, 'cache': True}[0m
[ 2026-09-03 19:00:36.344 | [33m[1mWARNING [0m | exo.worker.runner.supervisor:<lambda>:184 ] [33m[1mRunner stderr: [fence-gate-diag] SETTER key=cache ok=True tid=8273263424 ctx_now={'engine': True, 'cache': True}[0m
[ 2026-09-03 19:00:36.413 | [33m[1mWARNING [0m | exo.worker.runner.supervisor:<lambda>:184 ] [33m[1mRunner stderr: [fence-gate-diag] SETTER key=cache ok=False tid=8273263424 ctx_now={'engine': True, 'cache': False}[0m
[ 2026-09-03 19:00:36.414 | [33m[1mWARNING [0m | exo.worker.runner.supervisor:<lambda>:184 ] [33m[1mRunner stderr: [fence-gate-diag] SETTER key=cache ok=True tid=8273263424 ctx_now={'engine': True, 'cache': True}[0m
[ 2026-09-03 19:00:36.417 | [33m[1mWARNING [0m | exo.worker.runner.supervisor:<lambda>:184 ] [33m[1mRunner stderr: [fence-gate-diag] SETTER key=cache ok=True tid=8273263424 ctx_now={'engine': True, 'cache': True}[0m
[ 2026-09-03 19:00:36.487 | [33m[1mWARNING [0m | exo.worker.runner.supervisor:<lambda>:184 ] [33m[1mRunner stderr: [fence-gate-diag] SETTER key=cache ok=False tid=8273263424 ctx_now={'engine': True, 'cache': False}[0m
[ 2026-09-03 19:00:36.488 | [33m[1mWARNING [0m | exo.worker.runner.supervisor:<lambda>:184 ] [33m[1mRunner stderr: [fence-gate-diag] SETTER key=cache ok=True tid=8273263424 ctx_now={'engine': True, 'cache': True}[0m
[ 2026-09-03 19:00:36.491 | [33m[1mWARNING [0m | exo.worker.runner.supervisor:<lambda>:184 ] [33m[1mRunner stderr: [fence-gate-diag] SETTER key=cache ok=True tid=8273263424 ctx_now={'engine': True, 'cache': True}[0m
[ 2026-09-03 19:00:36.541 | [33m[1mWARNING [0m | exo.worker.runner.supervisor:<lambda>:184 ] [33m[1mRunner stderr: [fence-gate-diag] SETTER key=cache ok=False tid=8273263424 ctx_now={'engine': True, 'cache': False}[0m
[ 2026-09-03 19:00:36.541 | [33m[1mWARNING [0m | exo.worker.runner.supervisor:<lambda>:184 ] [33m[1mRunner stderr: [fence-gate-diag] SETTER key=cache ok=True tid=8273263424 ctx_now={'engine': True, 'cache': True}[0m
[ 2026-09-03 19:00:36.545 | [33m[1mWARNING [0m | exo.worker.runner.supervisor:<lambda>:184 ] [33m[1mRunner stderr: [fence-gate-diag] SETTER key=cache ok=True tid=8273263424 ctx_now={'engine': True, 'cache': True}[0m
[ 2026-09-03 19:00:36.620 | [33m[1mWARNING [0m | exo.worker.runner.supervisor:<lambda>:184 ] [33m[1mRunner stderr: [fence-gate-diag] SETTER key=cache ok=True tid=8273263424 ctx_now={'engine': True, 'cache': True}[0m
[ 2026-09-03 19:00:36.694 | [33m[1mWARNING [0m | exo.worker.runner.supervisor:<lambda>:184 ] [33m[1mRunner stderr: [fence-gate-diag] SETTER key=cache ok=True tid=8273263424 ctx_now={'engine': True, 'cache': True}[0m
[ 2026-09-03 19:00:36.767 | [33m[1mWARNING [0m | exo.worker.runner.supervisor:<lambda>:184 ] [33m[1mRunner stderr: [fence-gate-diag] SETTER key=cache ok=True tid=8273263424 ctx_now={'engine': True, 'cache': True}[0m
[ 2026-09-03 19:00:36.829 | [33m[1mWARNING [0m | exo.worker.runner.supervisor:<lambda>:184 ] [33m[1mRunner stderr: [fence-gate-diag] SETTER key=engine ok=False tid=8273263424 ctx_now={'engine': False, 'cache': True}[0m
[ 2026-09-03 19:00:37.439 | [33m[1mWARNING [0m | exo.worker.runner.supervisor:<lambda>:184 ] [33m[1mRunner stderr: [fence-gate-diag] SETTER key=engine ok=False tid=8273263424 ctx_now={'engine': False, 'cache': True}[0m
[ 2026-09-03 19:00:39.477 | [33m[1mWARNING [0m | exo.worker.runner.supervisor:<lambda>:184 ] [33m[1mRunner stderr: [fence-gate-diag] n=3800 FENCE_ASYNC=True engine=False cache=True cache_registered=True B=1 MAX_B=1 L=2013[0m
[ 2026-09-03 19:00:44.274 | [33m[1mWARNING [0m | exo.worker.runner.supervisor:<lambda>:184 ] [33m[1mRunner stderr: [fence-gate-diag] SETTER key=cache ok=False tid=8273263424 ctx_now={'engine': False, 'cache': False}[0m
[ 2026-09-03 19:00:44.645 | [33m[1mWARNING [0m | exo.worker.runner.supervisor:<lambda>:184 ] [33m[1mRunner stderr: [fence-gate-diag] SETTER key=cache ok=False tid=8273263424 ctx_now={'engine': False, 'cache': False}[0m
[ 2026-09-03 19:00:44.645 | [33m[1mWARNING [0m | exo.worker.runner.supervisor:<lambda>:184 ] [33m[1mRunner stderr: [fence-gate-diag] SETTER key=cache ok=True tid=8273263424 ctx_now={'engine': False, 'cache': True}[0m
[ 2026-09-03 19:00:44.684 | [33m[1mWARNING [0m | exo.worker.runner.supervisor:<lambda>:184 ] [33m[1mRunner stderr: [fence-gate-diag] SETTER key=engine ok=True tid=8273263424 ctx_now={'engine': True, 'cache': True}[0m
[ 2026-09-03 19:00:44.734 | [33m[1mWARNING [0m | exo.worker.runner.supervisor:<lambda>:184 ] [33m[1mRunner stderr: [BG_DECODE_PROBE pid=62651] step=32 wall_ms=560.98 gpu_ms=385.04 gpu_pct=68.6[0m
[ 2026-09-03 19:00:44.813 | [33m[1mWARNING [0m | exo.worker.runner.supervisor:<lambda>:184 ] [33m[1mRunner stderr: [fence-gate-diag] SETTER key=cache ok=True tid=8273263424 ctx_now={'engine': True, 'cache': True}[0m
[ 2026-09-03 19:00:44.946 | [33m[1mWARNING [0m | exo.worker.runner.supervisor:<lambda>:184 ] [33m[1mRunner stderr: [fence-gate-diag] SETTER key=cache ok=False tid=8273263424 ctx_now={'engine': True, 'cache': False}[0m
[ 2026-09-03 19:00:44.947 | [33m[1mWARNING [0m | exo.worker.runner.supervisor:<lambda>:184 ] [33m[1mRunner stderr: [fence-gate-diag] SETTER key=cache ok=True tid=8273263424 ctx_now={'engine': True, 'cache': True}[0m
[ 2026-09-03 19:00:44.950 | [33m[1mWARNING [0m | exo.worker.runner.supervisor:<lambda>:184 ] [33m[1mRunner stderr: [fence-gate-diag] SETTER key=cache ok=True tid=8273263424 ctx_now={'engine': True, 'cache': True}[0m
[ 2026-09-03 19:00:45.032 | [33m[1mWARNING [0m | exo.worker.runner.supervisor:<lambda>:184 ] [33m[1mRunner stderr: [fence-gate-diag] SETTER key=cache ok=False tid=8273263424 ctx_now={'engine': True, 'cache': False}[0m
[ 2026-09-03 19:00:45.033 | [33m[1mWARNING [0m | exo.worker.runner.supervisor:<lambda>:184 ] [33m[1mRunner stderr: [fence-gate-diag] SETTER key=cache ok=True tid=8273263424 ctx_now={'engine': True, 'cache': True}[0m
[ 2026-09-03 19:00:45.036 | [33m[1mWARNING [0m | exo.worker.runner.supervisor:<lambda>:184 ] [33m[1mRunner stderr: [fence-gate-diag] SETTER key=cache ok=True tid=8273263424 ctx_now={'engine': True, 'cache': True}[0m
[ 2026-09-03 19:00:45.120 | [33m[1mWARNING [0m | exo.worker.runner.supervisor:<lambda>:184 ] [33m[1mRunner stderr: [fence-gate-diag] SETTER key=cache ok=False tid=8273263424 ctx_now={'engine': True, 'cache': False}[0m
[ 2026-09-03 19:00:45.121 | [33m[1mWARNING [0m | exo.worker.runner.supervisor:<lambda>:184 ] [33m[1mRunner stderr: [fence-gate-diag] SETTER key=cache ok=True tid=8273263424 ctx_now={'engine': True, 'cache': True}[0m
[ 2026-09-03 19:00:45.125 | [33m[1mWARNING [0m | exo.worker.runner.supervisor:<lambda>:184 ] [33m[1mRunner stderr: [fence-gate-diag] SETTER key=cache ok=True tid=8273263424 ctx_now={'engine': True, 'cache': True}[0m
[ 2026-09-03 19:00:45.191 | [33m[1mWARNING [0m | exo.worker.runner.supervisor:<lambda>:184 ] [33m[1mRunner stderr: [fence-gate-diag] SETTER key=cache ok=False tid=8273263424 ctx_now={'engine': True, 'cache': False}[0m
[ 2026-09-03 19:00:45.192 | [33m[1mWARNING [0m | exo.worker.runner.supervisor:<lambda>:184 ] [33m[1mRunner stderr: [fence-gate-diag] SETTER key=cache ok=True tid=8273263424 ctx_now={'engine': True, 'cache': True}[0m
[ 2026-09-03 19:00:45.195 | [33m[1mWARNING [0m | exo.worker.runner.supervisor:<lambda>:184 ] [33m[1mRunner stderr: [fence-gate-diag] SETTER key=cache ok=True tid=8273263424 ctx_now={'engine': True, 'cache': True}[0m
[ 2026-09-03 19:00:45.279 | [33m[1mWARNING [0m | exo.worker.runner.supervisor:<lambda>:184 ] [33m[1mRunner stderr: [fence-gate-diag] SETTER key=cache ok=False tid=8273263424 ctx_now={'engine': True, 'cache': False}[0m
[ 2026-09-03 19:00:45.280 | [33m[1mWARNING [0m | exo.worker.runner.supervisor:<lambda>:184 ] [33m[1mRunner stderr: [fence-gate-diag] SETTER key=cache ok=True tid=8273263424 ctx_now={'engine': True, 'cache': True}[0m
[ 2026-09-03 19:00:45.284 | [33m[1mWARNING [0m | exo.worker.runner.supervisor:<lambda>:184 ] [33m[1mRunner stderr: [fence-gate-diag] SETTER key=cache ok=True tid=8273263424 ctx_now={'engine': True, 'cache': True}[0m
[ 2026-09-03 19:00:45.354 | [33m[1mWARNING [0m | exo.worker.runner.supervisor:<lambda>:184 ] [33m[1mRunner stderr: [fence-gate-diag] SETTER key=cache ok=False tid=8273263424 ctx_now={'engine': True, 'cache': False}[0m
[ 2026-09-03 19:00:45.355 | [33m[1mWARNING [0m | exo.worker.runner.supervisor:<lambda>:184 ] [33m[1mRunner stderr: [fence-gate-diag] SETTER key=cache ok=True tid=8273263424 ctx_now={'engine': True, 'cache': True}[0m
[ 2026-09-03 19:00:45.358 | [33m[1mWARNING [0m | exo.worker.runner.supervisor:<lambda>:184 ] [33m[1mRunner stderr: [fence-gate-diag] SETTER key=cache ok=True tid=8273263424 ctx_now={'engine': True, 'cache': True}[0m
[ 2026-09-03 19:00:45.441 | [33m[1mWARNING [0m | exo.worker.runner.supervisor:<lambda>:184 ] [33m[1mRunner stderr: [fence-gate-diag] SETTER key=cache ok=False tid=8273263424 ctx_now={'engine': True, 'cache': False}[0m
[ 2026-09-03 19:00:45.442 | [33m[1mWARNING [0m | exo.worker.runner.supervisor:<lambda>:184 ] [33m[1mRunner stderr: [fence-gate-diag] SETTER key=cache ok=True tid=8273263424 ctx_now={'engine': True, 'cache': True}[0m
[ 2026-09-03 19:00:45.446 | [33m[1mWARNING [0m | exo.worker.runner.supervisor:<lambda>:184 ] [33m[1mRunner stderr: [fence-gate-diag] SETTER key=cache ok=True tid=8273263424 ctx_now={'engine': True, 'cache': True}[0m
[ 2026-09-03 19:00:45.520 | [33m[1mWARNING [0m | exo.worker.runner.supervisor:<lambda>:184 ] [33m[1mRunner stderr: [fence-gate-diag] SETTER key=cache ok=False tid=8273263424 ctx_now={'engine': True, 'cache': False}[0m
[ 2026-09-03 19:00:45.520 | [33m[1mWARNING [0m | exo.worker.runner.supervisor:<lambda>:184 ] [33m[1mRunner stderr: [fence-gate-diag] SETTER key=cache ok=True tid=8273263424 ctx_now={'engine': True, 'cache': True}[0m
[ 2026-09-03 19:00:45.524 | [33m[1mWARNING [0m | exo.worker.runner.supervisor:<lambda>:184 ] [33m[1mRunner stderr: [fence-gate-diag] SETTER key=cache ok=True tid=8273263424 ctx_now={'engine': True, 'cache': True}[0m
[ 2026-09-03 19:00:45.596 | [33m[1mWARNING [0m | exo.worker.runner.supervisor:<lambda>:184 ] [33m[1mRunner stderr: [fence-gate-diag] SETTER key=cache ok=False tid=8273263424 ctx_now={'engine': True, 'cache': False}[0m
[ 2026-09-03 19:00:45.597 | [33m[1mWARNING [0m | exo.worker.runner.supervisor:<lambda>:184 ] [33m[1mRunner stderr: [fence-gate-diag] SETTER key=cache ok=True tid=8273263424 ctx_now={'engine': True, 'cache': True}[0m
[ 2026-09-03 19:00:45.600 | [33m[1mWARNING [0m | exo.worker.runner.supervisor:<lambda>:184 ] [33m[1mRunner stderr: [fence-gate-diag] SETTER key=cache ok=True tid=8273263424 ctx_now={'engine': True, 'cache': True}[0m
[ 2026-09-03 19:00:45.696 | [33m[1mWARNING [0m | exo.worker.runner.supervisor:<lambda>:184 ] [33m[1mRunner stderr: [fence-gate-diag] SETTER key=cache ok=True tid=8273263424 ctx_now={'engine': True, 'cache': True}[0m
[ 2026-09-03 19:00:45.783 | [33m[1mWARNING [0m | exo.worker.runner.supervisor:<lambda>:184 ] [33m[1mRunner stderr: [fence-gate-diag] SETTER key=cache ok=True tid=8273263424 ctx_now={'engine': True, 'cache': True}[0m
[ 2026-09-03 19:00:45.872 | [33m[1mWARNING [0m | exo.worker.runner.supervisor:<lambda>:184 ] [33m[1mRunner stderr: [fence-gate-diag] SETTER key=cache ok=True tid=8273263424 ctx_now={'engine': True, 'cache': True}[0m
[ 2026-09-03 19:00:45.947 | [33m[1mWARNING [0m | exo.worker.runner.supervisor:<lambda>:184 ] [33m[1mRunner stderr: [fence-gate-diag] SETTER key=cache ok=True tid=8273263424 ctx_now={'engine': True, 'cache': True}[0m
[ 2026-09-03 19:00:46.006 | [33m[1mWARNING [0m | exo.worker.runner.supervisor:<lambda>:184 ] [33m[1mRunner stderr: [BG_DECODE_PROBE pid=62651] step=48 wall_ms=79.53 gpu_ms=82.47 gpu_pct=103.7[0m
[ 2026-09-03 19:00:46.007 | [33m[1mWARNING [0m | exo.worker.runner.supervisor:<lambda>:184 ] [33m[1mRunner stderr: [fence-gate-diag] SETTER key=cache ok=True tid=8273263424 ctx_now={'engine': True, 'cache': True}[0m
[ 2026-09-03 19:00:46.107 | [33m[1mWARNING [0m | exo.worker.runner.supervisor:<lambda>:184 ] [33m[1mRunner stderr: [fence-gate-diag] SETTER key=cache ok=False tid=8273263424 ctx_now={'engine': True, 'cache': False}[0m
[ 2026-09-03 19:00:46.109 | [33m[1mWARNING [0m | exo.worker.runner.supervisor:<lambda>:184 ] [33m[1mRunner stderr: [fence-gate-diag] SETTER key=cache ok=True tid=8273263424 ctx_now={'engine': True, 'cache': True}[0m
[ 2026-09-03 19:00:46.112 | [33m[1mWARNING [0m | exo.worker.runner.supervisor:<lambda>:184 ] [33m[1mRunner stderr: [fence-gate-diag] SETTER key=cache ok=True tid=8273263424 ctx_now={'engine': True, 'cache': True}[0m
[ 2026-09-03 19:00:46.186 | [33m[1mWARNING [0m | exo.worker.runner.supervisor:<lambda>:184 ] [33m[1mRunner stderr: [fence-gate-diag] SETTER key=cache ok=False tid=8273263424 ctx_now={'engine': True, 'cache': False}[0m
[ 2026-09-03 19:00:46.187 | [33m[1mWARNING [0m | exo.worker.runner.supervisor:<lambda>:184 ] [33m[1mRunner stderr: [fence-gate-diag] SETTER key=cache ok=True tid=8273263424 ctx_now={'engine': True, 'cache': True}[0m
[ 2026-09-03 19:00:46.191 | [33m[1mWARNING [0m | exo.worker.runner.supervisor:<lambda>:184 ] [33m[1mRunner stderr: [fence-gate-diag] SETTER key=cache ok=True tid=8273263424 ctx_now={'engine': True, 'cache': True}[0m
[ 2026-09-03 19:00:46.249 | [33m[1mWARNING [0m | exo.worker.runner.supervisor:<lambda>:184 ] [33m[1mRunner stderr: [fence-gate-diag] SETTER key=cache ok=False tid=8273263424 ctx_now={'engine': True, 'cache': False}[0m
[ 2026-09-03 19:00:46.249 | [33m[1mWARNING [0m | exo.worker.runner.supervisor:<lambda>:184 ] [33m[1mRunner stderr: [fence-gate-diag] SETTER key=cache ok=True tid=8273263424 ctx_now={'engine': True, 'cache': True}[0m
[ 2026-09-03 19:00:46.253 | [33m[1mWARNING [0m | exo.worker.runner.supervisor:<lambda>:184 ] [33m[1mRunner stderr: [fence-gate-diag] SETTER key=cache ok=True tid=8273263424 ctx_now={'engine': True, 'cache': True}[0m
[ 2026-09-03 19:00:46.319 | [33m[1mWARNING [0m | exo.worker.runner.supervisor:<lambda>:184 ] [33m[1mRunner stderr: [fence-gate-diag] SETTER key=cache ok=False tid=8273263424 ctx_now={'engine': True, 'cache': False}[0m
[ 2026-09-03 19:00:46.320 | [33m[1mWARNING [0m | exo.worker.runner.supervisor:<lambda>:184 ] [33m[1mRunner stderr: [fence-gate-diag] SETTER key=cache ok=True tid=8273263424 ctx_now={'engine': True, 'cache': True}[0m
[ 2026-09-03 19:00:46.323 | [33m[1mWARNING [0m | exo.worker.runner.supervisor:<lambda>:184 ] [33m[1mRunner stderr: [fence-gate-diag] SETTER key=cache ok=True tid=8273263424 ctx_now={'engine': True, 'cache': True}[0m
[ 2026-09-03 19:00:46.425 | [33m[1mWARNING [0m | exo.worker.runner.supervisor:<lambda>:184 ] [33m[1mRunner stderr: [fence-gate-diag] SETTER key=cache ok=False tid=8273263424 ctx_now={'engine': True, 'cache': False}[0m
[ 2026-09-03 19:00:46.426 | [33m[1mWARNING [0m | exo.worker.runner.supervisor:<lambda>:184 ] [33m[1mRunner stderr: [fence-gate-diag] SETTER key=cache ok=True tid=8273263424 ctx_now={'engine': True, 'cache': True}[0m
[ 2026-09-03 19:00:46.429 | [33m[1mWARNING [0m | exo.worker.runner.supervisor:<lambda>:184 ] [33m[1mRunner stderr: [fence-gate-diag] SETTER key=cache ok=True tid=8273263424 ctx_now={'engine': True, 'cache': True}[0m
[ 2026-09-03 19:00:46.489 | [33m[1mWARNING [0m | exo.worker.runner.supervisor:<lambda>:184 ] [33m[1mRunner stderr: [fence-gate-diag] SETTER key=cache ok=False tid=8273263424 ctx_now={'engine': True, 'cache': False}[0m
[ 2026-09-03 19:00:46.490 | [33m[1mWARNING [0m | exo.worker.runner.supervisor:<lambda>:184 ] [33m[1mRunner stderr: [fence-gate-diag] SETTER key=cache ok=True tid=8273263424 ctx_now={'engine': True, 'cache': True}[0m
[ 2026-09-03 19:00:46.494 | [33m[1mWARNING [0m | exo.worker.runner.supervisor:<lambda>:184 ] [33m[1mRunner stderr: [fence-gate-diag] SETTER key=cache ok=True tid=8273263424 ctx_now={'engine': True, 'cache': True}[0m
[ 2026-09-03 19:00:46.586 | [33m[1mWARNING [0m | exo.worker.runner.supervisor:<lambda>:184 ] [33m[1mRunner stderr: [fence-gate-diag] SETTER key=cache ok=True tid=8273263424 ctx_now={'engine': True, 'cache': True}[0m
[ 2026-09-03 19:00:46.673 | [33m[1mWARNING [0m | exo.worker.runner.supervisor:<lambda>:184 ] [33m[1mRunner stderr: [fence-gate-diag] SETTER key=cache ok=False tid=8273263424 ctx_now={'engine': True, 'cache': False}[0m
[ 2026-09-03 19:00:46.673 | [33m[1mWARNING [0m | exo.worker.runner.supervisor:<lambda>:184 ] [33m[1mRunner stderr: [fence-gate-diag] SETTER key=cache ok=True tid=8273263424 ctx_now={'engine': True, 'cache': True}[0m
[ 2026-09-03 19:00:46.677 | [33m[1mWARNING [0m | exo.worker.runner.supervisor:<lambda>:184 ] [33m[1mRunner stderr: [fence-gate-diag] SETTER key=cache ok=True tid=8273263424 ctx_now={'engine': True, 'cache': True}[0m
[ 2026-09-03 19:00:46.766 | [33m[1mWARNING [0m | exo.worker.runner.supervisor:<lambda>:184 ] [33m[1mRunner stderr: [fence-gate-diag] SETTER key=cache ok=False tid=8273263424 ctx_now={'engine': True, 'cache': False}[0m
[ 2026-09-03 19:00:46.767 | [33m[1mWARNING [0m | exo.worker.runner.supervisor:<lambda>:184 ] [33m[1mRunner stderr: [fence-gate-diag] SETTER key=cache ok=True tid=8273263424 ctx_now={'engine': True, 'cache': True}[0m
[ 2026-09-03 19:00:46.771 | [33m[1mWARNING [0m | exo.worker.runner.supervisor:<lambda>:184 ] [33m[1mRunner stderr: [fence-gate-diag] SETTER key=cache ok=True tid=8273263424 ctx_now={'engine': True, 'cache': True}[0m
[ 2026-09-03 19:00:46.827 | [33m[1mWARNING [0m | exo.worker.runner.supervisor:<lambda>:184 ] [33m[1mRunner stderr: [fence-gate-diag] SETTER key=cache ok=False tid=8273263424 ctx_now={'engine': True, 'cache': False}[0m
[ 2026-09-03 19:00:46.828 | [33m[1mWARNING [0m | exo.worker.runner.supervisor:<lambda>:184 ] [33m[1mRunner stderr: [fence-gate-diag] SETTER key=cache ok=True tid=8273263424 ctx_now={'engine': True, 'cache': True}[0m
[ 2026-09-03 19:00:46.831 | [33m[1mWARNING [0m | exo.worker.runner.supervisor:<lambda>:184 ] [33m[1mRunner stderr: [fence-gate-diag] SETTER key=cache ok=True tid=8273263424 ctx_now={'engine': True, 'cache': True}[0m
[ 2026-09-03 19:00:46.905 | [33m[1mWARNING [0m | exo.worker.runner.supervisor:<lambda>:184 ] [33m[1mRunner stderr: [fence-gate-diag] SETTER key=cache ok=False tid=8273263424 ctx_now={'engine': True, 'cache': False}[0m
[ 2026-09-03 19:00:46.906 | [33m[1mWARNING [0m | exo.worker.runner.supervisor:<lambda>:184 ] [33m[1mRunner stderr: [fence-gate-diag] SETTER key=cache ok=True tid=8273263424 ctx_now={'engine': True, 'cache': True}[0m
[ 2026-09-03 19:00:46.909 | [33m[1mWARNING [0m | exo.worker.runner.supervisor:<lambda>:184 ] [33m[1mRunner stderr: [fence-gate-diag] SETTER key=cache ok=True tid=8273263424 ctx_now={'engine': True, 'cache': True}[0m
[ 2026-09-03 19:00:46.978 | [33m[1mWARNING [0m | exo.worker.runner.supervisor:<lambda>:184 ] [33m[1mRunner stderr: [fence-gate-diag] SETTER key=cache ok=False tid=8273263424 ctx_now={'engine': True, 'cache': False}[0m
[ 2026-09-03 19:00:46.978 | [33m[1mWARNING [0m | exo.worker.runner.supervisor:<lambda>:184 ] [33m[1mRunner stderr: [fence-gate-diag] SETTER key=cache ok=True tid=8273263424 ctx_now={'engine': True, 'cache': True}[0m
[ 2026-09-03 19:00:46.982 | [33m[1mWARNING [0m | exo.worker.runner.supervisor:<lambda>:184 ] [33m[1mRunner stderr: [fence-gate-diag] SETTER key=cache ok=True tid=8273263424 ctx_now={'engine': True, 'cache': True}[0m
[ 2026-09-03 19:00:47.038 | [33m[1mWARNING [0m | exo.worker.runner.supervisor:<lambda>:184 ] [33m[1mRunner stderr: [fence-gate-diag] SETTER key=cache ok=False tid=8273263424 ctx_now={'engine': True, 'cache': False}[0m
[ 2026-09-03 19:00:47.039 | [33m[1mWARNING [0m | exo.worker.runner.supervisor:<lambda>:184 ] [33m[1mRunner stderr: [fence-gate-diag] SETTER key=cache ok=True tid=8273263424 ctx_now={'engine': True, 'cache': True}[0m
[ 2026-09-03 19:00:47.042 | [33m[1mWARNING [0m | exo.worker.runner.supervisor:<lambda>:184 ] [33m[1mRunner stderr: [fence-gate-diag] SETTER key=cache ok=True tid=8273263424 ctx_now={'engine': True, 'cache': True}[0m
[ 2026-09-03 19:00:47.121 | [33m[1mWARNING [0m | exo.worker.runner.supervisor:<lambda>:184 ] [33m[1mRunner stderr: [fence-gate-diag] SETTER key=cache ok=True tid=8273263424 ctx_now={'engine': True, 'cache': True}[0m
[ 2026-09-03 19:00:47.195 | [33m[1mWARNING [0m | exo.worker.runner.supervisor:<lambda>:184 ] [33m[1mRunner stderr: [fence-gate-diag] SETTER key=cache ok=False tid=8273263424 ctx_now={'engine': True, 'cache': False}[0m
[ 2026-09-03 19:00:47.197 | [33m[1mWARNING [0m | exo.worker.runner.supervisor:<lambda>:184 ] [33m[1mRunner stderr: [fence-gate-diag] SETTER key=cache ok=True tid=8273263424 ctx_now={'engine': True, 'cache': True}[0m
[ 2026-09-03 19:00:47.200 | [33m[1mWARNING [0m | exo.worker.runner.supervisor:<lambda>:184 ] [33m[1mRunner stderr: [fence-gate-diag] SETTER key=cache ok=True tid=8273263424 ctx_now={'engine': True, 'cache': True}[0m
[ 2026-09-03 19:00:47.273 | [33m[1mWARNING [0m | exo.worker.runner.supervisor:<lambda>:184 ] [33m[1mRunner stderr: [fence-gate-diag] SETTER key=cache ok=False tid=8273263424 ctx_now={'engine': True, 'cache': False}[0m
[ 2026-09-03 19:00:47.274 | [33m[1mWARNING [0m | exo.worker.runner.supervisor:<lambda>:184 ] [33m[1mRunner stderr: [fence-gate-diag] SETTER key=cache ok=True tid=8273263424 ctx_now={'engine': True, 'cache': True}[0m
[ 2026-09-03 19:00:47.276 | [33m[1mWARNING [0m | exo.worker.runner.supervisor:<lambda>:184 ] [33m[1mRunner stderr: [BG_DECODE_PROBE pid=62651] step=64 wall_ms=79.37 gpu_ms=95.32 gpu_pct=120.1[0m
[ 2026-09-03 19:00:47.277 | [33m[1mWARNING [0m | exo.worker.runner.supervisor:<lambda>:184 ] [33m[1mRunner stderr: [fence-gate-diag] SETTER key=cache ok=True tid=8273263424 ctx_now={'engine': True, 'cache': True}[0m
[ 2026-09-03 19:00:47.351 | [33m[1mWARNING [0m | exo.worker.runner.supervisor:<lambda>:184 ] [33m[1mRunner stderr: [fence-gate-diag] SETTER key=cache ok=True tid=8273263424 ctx_now={'engine': True, 'cache': True}[0m
[ 2026-09-03 19:00:47.440 | [33m[1mWARNING [0m | exo.worker.runner.supervisor:<lambda>:184 ] [33m[1mRunner stderr: [fence-gate-diag] SETTER key=cache ok=False tid=8273263424 ctx_now={'engine': True, 'cache': False}[0m
[ 2026-09-03 19:00:47.440 | [33m[1mWARNING [0m | exo.worker.runner.supervisor:<lambda>:184 ] [33m[1mRunner stderr: [fence-gate-diag] SETTER key=cache ok=True tid=8273263424 ctx_now={'engine': True, 'cache': True}[0m
[ 2026-09-03 19:00:47.444 | [33m[1mWARNING [0m | exo.worker.runner.supervisor:<lambda>:184 ] [33m[1mRunner stderr: [fence-gate-diag] SETTER key=cache ok=True tid=8273263424 ctx_now={'engine': True, 'cache': True}[0m
[ 2026-09-03 19:00:47.534 | [33m[1mWARNING [0m | exo.worker.runner.supervisor:<lambda>:184 ] [33m[1mRunner stderr: [fence-gate-diag] SETTER key=cache ok=False tid=8273263424 ctx_now={'engine': True, 'cache': False}[0m
[ 2026-09-03 19:00:47.535 | [33m[1mWARNING [0m | exo.worker.runner.supervisor:<lambda>:184 ] [33m[1mRunner stderr: [fence-gate-diag] SETTER key=cache ok=True tid=8273263424 ctx_now={'engine': True, 'cache': True}[0m
[ 2026-09-03 19:00:47.539 | [33m[1mWARNING [0m | exo.worker.runner.supervisor:<lambda>:184 ] [33m[1mRunner stderr: [fence-gate-diag] SETTER key=cache ok=True tid=8273263424 ctx_now={'engine': True, 'cache': True}[0m
[ 2026-09-03 19:00:47.626 | [33m[1mWARNING [0m | exo.worker.runner.supervisor:<lambda>:184 ] [33m[1mRunner stderr: [fence-gate-diag] SETTER key=cache ok=False tid=8273263424 ctx_now={'engine': True, 'cache': False}[0m
[ 2026-09-03 19:00:47.627 | [33m[1mWARNING [0m | exo.worker.runner.supervisor:<lambda>:184 ] [33m[1mRunner stderr: [fence-gate-diag] SETTER key=cache ok=True tid=8273263424 ctx_now={'engine': True, 'cache': True}[0m
[ 2026-09-03 19:00:47.631 | [33m[1mWARNING [0m | exo.worker.runner.supervisor:<lambda>:184 ] [33m[1mRunner stderr: [fence-gate-diag] SETTER key=cache ok=True tid=8273263424 ctx_now={'engine': True, 'cache': True}[0m
[ 2026-09-03 19:00:47.688 | [33m[1mWARNING [0m | exo.worker.runner.supervisor:<lambda>:184 ] [33m[1mRunner stderr: [fence-gate-diag] SETTER key=cache ok=False tid=8273263424 ctx_now={'engine': True, 'cache': False}[0m
[ 2026-09-03 19:00:47.688 | [33m[1mWARNING [0m | exo.worker.runner.supervisor:<lambda>:184 ] [33m[1mRunner stderr: [fence-gate-diag] SETTER key=cache ok=True tid=8273263424 ctx_now={'engine': True, 'cache': True}[0m
[ 2026-09-03 19:00:47.692 | [33m[1mWARNING [0m | exo.worker.runner.supervisor:<lambda>:184 ] [33m[1mRunner stderr: [fence-gate-diag] SETTER key=cache ok=True tid=8273263424 ctx_now={'engine': True, 'cache': True}[0m
[ 2026-09-03 19:00:47.767 | [33m[1mWARNING [0m | exo.worker.runner.supervisor:<lambda>:184 ] [33m[1mRunner stderr: [fence-gate-diag] SETTER key=cache ok=False tid=8273263424 ctx_now={'engine': True, 'cache': False}[0m
[ 2026-09-03 19:00:47.768 | [33m[1mWARNING [0m | exo.worker.runner.supervisor:<lambda>:184 ] [33m[1mRunner stderr: [fence-gate-diag] SETTER key=cache ok=True tid=8273263424 ctx_now={'engine': True, 'cache': True}[0m
[ 2026-09-03 19:00:47.771 | [33m[1mWARNING [0m | exo.worker.runner.supervisor:<lambda>:184 ] [33m[1mRunner stderr: [fence-gate-diag] SETTER key=cache ok=True tid=8273263424 ctx_now={'engine': True, 'cache': True}[0m
[ 2026-09-03 19:00:47.861 | [33m[1mWARNING [0m | exo.worker.runner.supervisor:<lambda>:184 ] [33m[1mRunner stderr: [fence-gate-diag] SETTER key=cache ok=True tid=8273263424 ctx_now={'engine': True, 'cache': True}[0m
[ 2026-09-03 19:00:47.939 | [33m[1mWARNING [0m | exo.worker.runner.supervisor:<lambda>:184 ] [33m[1mRunner stderr: [fence-gate-diag] SETTER key=cache ok=True tid=8273263424 ctx_now={'engine': True, 'cache': True}[0m
[ 2026-09-03 19:00:48.002 | [33m[1mWARNING [0m | exo.worker.runner.supervisor:<lambda>:184 ] [33m[1mRunner stderr: [fence-gate-diag] SETTER key=cache ok=True tid=8273263424 ctx_now={'engine': True, 'cache': True}[0m
[ 2026-09-03 19:00:48.095 | [33m[1mWARNING [0m | exo.worker.runner.supervisor:<lambda>:184 ] [33m[1mRunner stderr: [fence-gate-diag] SETTER key=cache ok=True tid=8273263424 ctx_now={'engine': True, 'cache': True}[0m
[ 2026-09-03 19:00:48.183 | [33m[1mWARNING [0m | exo.worker.runner.supervisor:<lambda>:184 ] [33m[1mRunner stderr: [fence-gate-diag] SETTER key=cache ok=False tid=8273263424 ctx_now={'engine': True, 'cache': False}[0m
[ 2026-09-03 19:00:48.185 | [33m[1mWARNING [0m | exo.worker.runner.supervisor:<lambda>:184 ] [33m[1mRunner stderr: [fence-gate-diag] SETTER key=cache ok=True tid=8273263424 ctx_now={'engine': True, 'cache': True}[0m
[ 2026-09-03 19:00:48.189 | [33m[1mWARNING [0m | exo.worker.runner.supervisor:<lambda>:184 ] [33m[1mRunner stderr: [fence-gate-diag] SETTER key=cache ok=True tid=8273263424 ctx_now={'engine': True, 'cache': True}[0m
[ 2026-09-03 19:00:48.261 | [33m[1mWARNING [0m | exo.worker.runner.supervisor:<lambda>:184 ] [33m[1mRunner stderr: [fence-gate-diag] SETTER key=cache ok=False tid=8273263424 ctx_now={'engine': True, 'cache': False}[0m
[ 2026-09-03 19:00:48.261 | [33m[1mWARNING [0m | exo.worker.runner.supervisor:<lambda>:184 ] [33m[1mRunner stderr: [fence-gate-diag] SETTER key=cache ok=True tid=8273263424 ctx_now={'engine': True, 'cache': True}[0m
[ 2026-09-03 19:00:48.265 | [33m[1mWARNING [0m | exo.worker.runner.supervisor:<lambda>:184 ] [33m[1mRunner stderr: [fence-gate-diag] SETTER key=cache ok=True tid=8273263424 ctx_now={'engine': True, 'cache': True}[0m
[ 2026-09-03 19:00:48.334 | [33m[1mWARNING [0m | exo.worker.runner.supervisor:<lambda>:184 ] [33m[1mRunner stderr: [fence-gate-diag] SETTER key=cache ok=False tid=8273263424 ctx_now={'engine': True, 'cache': False}[0m
[ 2026-09-03 19:00:48.335 | [33m[1mWARNING [0m | exo.worker.runner.supervisor:<lambda>:184 ] [33m[1mRunner stderr: [fence-gate-diag] SETTER key=cache ok=True tid=8273263424 ctx_now={'engine': True, 'cache': True}[0m
[ 2026-09-03 19:00:48.338 | [33m[1mWARNING [0m | exo.worker.runner.supervisor:<lambda>:184 ] [33m[1mRunner stderr: [fence-gate-diag] SETTER key=cache ok=True tid=8273263424 ctx_now={'engine': True, 'cache': True}[0m
[ 2026-09-03 19:00:48.413 | [33m[1mWARNING [0m | exo.worker.runner.supervisor:<lambda>:184 ] [33m[1mRunner stderr: [fence-gate-diag] SETTER key=cache ok=False tid=8273263424 ctx_now={'engine': True, 'cache': False}[0m
[ 2026-09-03 19:00:48.415 | [33m[1mWARNING [0m | exo.worker.runner.supervisor:<lambda>:184 ] [33m[1mRunner stderr: [fence-gate-diag] SETTER key=cache ok=True tid=8273263424 ctx_now={'engine': True, 'cache': True}[0m
[ 2026-09-03 19:00:48.418 | [33m[1mWARNING [0m | exo.worker.runner.supervisor:<lambda>:184 ] [33m[1mRunner stderr: [fence-gate-diag] SETTER key=cache ok=True tid=8273263424 ctx_now={'engine': True, 'cache': True}[0m
[ 2026-09-03 19:00:48.490 | [33m[1mWARNING [0m | exo.worker.runner.supervisor:<lambda>:184 ] [33m[1mRunner stderr: [fence-gate-diag] SETTER key=cache ok=False tid=8273263424 ctx_now={'engine': True, 'cache': False}[0m
[ 2026-09-03 19:00:48.490 | [33m[1mWARNING [0m | exo.worker.runner.supervisor:<lambda>:184 ] [33m[1mRunner stderr: [fence-gate-diag] SETTER key=cache ok=True tid=8273263424 ctx_now={'engine': True, 'cache': True}[0m
[ 2026-09-03 19:00:48.493 | [33m[1mWARNING [0m | exo.worker.runner.supervisor:<lambda>:184 ] [33m[1mRunner stderr: [fence-gate-diag] SETTER key=cache ok=True tid=8273263424 ctx_now={'engine': True, 'cache': True}[0m
[ 2026-09-03 19:00:48.583 | [33m[1mWARNING [0m | exo.worker.runner.supervisor:<lambda>:184 ] [33m[1mRunner stderr: [fence-gate-diag] SETTER key=cache ok=False tid=8273263424 ctx_now={'engine': True, 'cache': False}[0m
[ 2026-09-03 19:00:48.584 | [33m[1mWARNING [0m | exo.worker.runner.supervisor:<lambda>:184 ] [33m[1mRunner stderr: [fence-gate-diag] SETTER key=cache ok=True tid=8273263424 ctx_now={'engine': True, 'cache': True}[0m
[ 2026-09-03 19:00:48.587 | [33m[1mWARNING [0m | exo.worker.runner.supervisor:<lambda>:184 ] [33m[1mRunner stderr: [BG_DECODE_PROBE pid=62651] step=80 wall_ms=81.91 gpu_ms=109.87 gpu_pct=134.1[0m
[ 2026-09-03 19:00:48.588 | [33m[1mWARNING [0m | exo.worker.runner.supervisor:<lambda>:184 ] [33m[1mRunner stderr: [fence-gate-diag] SETTER key=cache ok=True tid=8273263424 ctx_now={'engine': True, 'cache': True}[0m
[ 2026-09-03 19:00:48.647 | [33m[1mWARNING [0m | exo.worker.runner.supervisor:<lambda>:184 ] [33m[1mRunner stderr: [fence-gate-diag] SETTER key=cache ok=False tid=8273263424 ctx_now={'engine': True, 'cache': False}[0m
[ 2026-09-03 19:00:48.648 | [33m[1mWARNING [0m | exo.worker.runner.supervisor:<lambda>:184 ] [33m[1mRunner stderr: [fence-gate-diag] SETTER key=cache ok=True tid=8273263424 ctx_now={'engine': True, 'cache': True}[0m
[ 2026-09-03 19:00:48.652 | [33m[1mWARNING [0m | exo.worker.runner.supervisor:<lambda>:184 ] [33m[1mRunner stderr: [fence-gate-diag] SETTER key=cache ok=True tid=8273263424 ctx_now={'engine': True, 'cache': True}[0m
[ 2026-09-03 19:00:48.737 | [33m[1mWARNING [0m | exo.worker.runner.supervisor:<lambda>:184 ] [33m[1mRunner stderr: [fence-gate-diag] SETTER key=cache ok=False tid=8273263424 ctx_now={'engine': True, 'cache': False}[0m
[ 2026-09-03 19:00:48.738 | [33m[1mWARNING [0m | exo.worker.runner.supervisor:<lambda>:184 ] [33m[1mRunner stderr: [fence-gate-diag] SETTER key=cache ok=True tid=8273263424 ctx_now={'engine': True, 'cache': True}[0m
[ 2026-09-03 19:00:48.741 | [33m[1mWARNING [0m | exo.worker.runner.supervisor:<lambda>:184 ] [33m[1mRunner stderr: [fence-gate-diag] SETTER key=cache ok=True tid=8273263424 ctx_now={'engine': True, 'cache': True}[0m
[ 2026-09-03 19:00:48.811 | [33m[1mWARNING [0m | exo.worker.runner.supervisor:<lambda>:184 ] [33m[1mRunner stderr: [fence-gate-diag] SETTER key=cache ok=False tid=8273263424 ctx_now={'engine': True, 'cache': False}[0m
[ 2026-09-03 19:00:48.811 | [33m[1mWARNING [0m | exo.worker.runner.supervisor:<lambda>:184 ] [33m[1mRunner stderr: [fence-gate-diag] SETTER key=cache ok=True tid=8273263424 ctx_now={'engine': True, 'cache': True}[0m
[ 2026-09-03 19:00:48.815 | [33m[1mWARNING [0m | exo.worker.runner.supervisor:<lambda>:184 ] [33m[1mRunner stderr: [fence-gate-diag] SETTER key=cache ok=True tid=8273263424 ctx_now={'engine': True, 'cache': True}[0m
[ 2026-09-03 19:00:48.905 | [33m[1mWARNING [0m | exo.worker.runner.supervisor:<lambda>:184 ] [33m[1mRunner stderr: [fence-gate-diag] SETTER key=cache ok=False tid=8273263424 ctx_now={'engine': True, 'cache': False}[0m
[ 2026-09-03 19:00:48.906 | [33m[1mWARNING [0m | exo.worker.runner.supervisor:<lambda>:184 ] [33m[1mRunner stderr: [fence-gate-diag] SETTER key=cache ok=True tid=8273263424 ctx_now={'engine': True, 'cache': True}[0m
[ 2026-09-03 19:00:48.909 | [33m[1mWARNING [0m | exo.worker.runner.supervisor:<lambda>:184 ] [33m[1mRunner stderr: [fence-gate-diag] SETTER key=cache ok=True tid=8273263424 ctx_now={'engine': True, 'cache': True}[0m
[ 2026-09-03 19:00:48.969 | [33m[1mWARNING [0m | exo.worker.runner.supervisor:<lambda>:184 ] [33m[1mRunner stderr: [fence-gate-diag] SETTER key=cache ok=False tid=8273263424 ctx_now={'engine': True, 'cache': False}[0m
[ 2026-09-03 19:00:48.969 | [33m[1mWARNING [0m | exo.worker.runner.supervisor:<lambda>:184 ] [33m[1mRunner stderr: [fence-gate-diag] SETTER key=cache ok=True tid=8273263424 ctx_now={'engine': True, 'cache': True}[0m
[ 2026-09-03 19:00:48.973 | [33m[1mWARNING [0m | exo.worker.runner.supervisor:<lambda>:184 ] [33m[1mRunner stderr: [fence-gate-diag] SETTER key=cache ok=True tid=8273263424 ctx_now={'engine': True, 'cache': True}[0m
[ 2026-09-03 19:00:49.060 | [33m[1mWARNING [0m | exo.worker.runner.supervisor:<lambda>:184 ] [33m[1mRunner stderr: [fence-gate-diag] SETTER key=cache ok=False tid=8273263424 ctx_now={'engine': True, 'cache': False}[0m
[ 2026-09-03 19:00:49.061 | [33m[1mWARNING [0m | exo.worker.runner.supervisor:<lambda>:184 ] [33m[1mRunner stderr: [fence-gate-diag] SETTER key=cache ok=True tid=8273263424 ctx_now={'engine': True, 'cache': True}[0m
[ 2026-09-03 19:00:49.065 | [33m[1mWARNING [0m | exo.worker.runner.supervisor:<lambda>:184 ] [33m[1mRunner stderr: [fence-gate-diag] SETTER key=cache ok=True tid=8273263424 ctx_now={'engine': True, 'cache': True}[0m
[ 2026-09-03 19:00:49.139 | [33m[1mWARNING [0m | exo.worker.runner.supervisor:<lambda>:184 ] [33m[1mRunner stderr: [fence-gate-diag] SETTER key=cache ok=False tid=8273263424 ctx_now={'engine': True, 'cache': False}[0m
[ 2026-09-03 19:00:49.140 | [33m[1mWARNING [0m | exo.worker.runner.supervisor:<lambda>:184 ] [33m[1mRunner stderr: [fence-gate-diag] SETTER key=cache ok=True tid=8273263424 ctx_now={'engine': True, 'cache': True}[0m
[ 2026-09-03 19:00:49.143 | [33m[1mWARNING [0m | exo.worker.runner.supervisor:<lambda>:184 ] [33m[1mRunner stderr: [fence-gate-diag] SETTER key=cache ok=True tid=8273263424 ctx_now={'engine': True, 'cache': True}[0m
[ 2026-09-03 19:00:49.202 | [33m[1mWARNING [0m | exo.worker.runner.supervisor:<lambda>:184 ] [33m[1mRunner stderr: [fence-gate-diag] SETTER key=cache ok=False tid=8273263424 ctx_now={'engine': True, 'cache': False}[0m
[ 2026-09-03 19:00:49.203 | [33m[1mWARNING [0m | exo.worker.runner.supervisor:<lambda>:184 ] [33m[1mRunner stderr: [fence-gate-diag] SETTER key=cache ok=True tid=8273263424 ctx_now={'engine': True, 'cache': True}[0m
[ 2026-09-03 19:00:49.207 | [33m[1mWARNING [0m | exo.worker.runner.supervisor:<lambda>:184 ] [33m[1mRunner stderr: [fence-gate-diag] SETTER key=cache ok=True tid=8273263424 ctx_now={'engine': True, 'cache': True}[0m
[ 2026-09-03 19:00:49.297 | [33m[1mWARNING [0m | exo.worker.runner.supervisor:<lambda>:184 ] [33m[1mRunner stderr: [fence-gate-diag] SETTER key=cache ok=True tid=8273263424 ctx_now={'engine': True, 'cache': True}[0m
[ 2026-09-03 19:00:49.391 | [33m[1mWARNING [0m | exo.worker.runner.supervisor:<lambda>:184 ] [33m[1mRunner stderr: [fence-gate-diag] SETTER key=cache ok=True tid=8273263424 ctx_now={'engine': True, 'cache': True}[0m
[ 2026-09-03 19:00:49.479 | [33m[1mWARNING [0m | exo.worker.runner.supervisor:<lambda>:184 ] [33m[1mRunner stderr: [fence-gate-diag] SETTER key=cache ok=False tid=8273263424 ctx_now={'engine': True, 'cache': False}[0m
[ 2026-09-03 19:00:49.480 | [33m[1mWARNING [0m | exo.worker.runner.supervisor:<lambda>:184 ] [33m[1mRunner stderr: [fence-gate-diag] SETTER key=cache ok=True tid=8273263424 ctx_now={'engine': True, 'cache': True}[0m
[ 2026-09-03 19:00:49.483 | [33m[1mWARNING [0m | exo.worker.runner.supervisor:<lambda>:184 ] [33m[1mRunner stderr: [fence-gate-diag] SETTER key=cache ok=True tid=8273263424 ctx_now={'engine': True, 'cache': True}[0m
[ 2026-09-03 19:00:49.573 | [33m[1mWARNING [0m | exo.worker.runner.supervisor:<lambda>:184 ] [33m[1mRunner stderr: [fence-gate-diag] SETTER key=cache ok=False tid=8273263424 ctx_now={'engine': True, 'cache': False}[0m
[ 2026-09-03 19:00:49.575 | [33m[1mWARNING [0m | exo.worker.runner.supervisor:<lambda>:184 ] [33m[1mRunner stderr: [fence-gate-diag] SETTER key=cache ok=True tid=8273263424 ctx_now={'engine': True, 'cache': True}[0m
[ 2026-09-03 19:00:49.578 | [33m[1mWARNING [0m | exo.worker.runner.supervisor:<lambda>:184 ] [33m[1mRunner stderr: [fence-gate-diag] SETTER key=cache ok=True tid=8273263424 ctx_now={'engine': True, 'cache': True}[0m
[ 2026-09-03 19:00:49.665 | [33m[1mWARNING [0m | exo.worker.runner.supervisor:<lambda>:184 ] [33m[1mRunner stderr: [fence-gate-diag] SETTER key=cache ok=False tid=8273263424 ctx_now={'engine': True, 'cache': False}[0m
[ 2026-09-03 19:00:49.666 | [33m[1mWARNING [0m | exo.worker.runner.supervisor:<lambda>:184 ] [33m[1mRunner stderr: [fence-gate-diag] SETTER key=cache ok=True tid=8273263424 ctx_now={'engine': True, 'cache': True}[0m
[ 2026-09-03 19:00:49.671 | [33m[1mWARNING [0m | exo.worker.runner.supervisor:<lambda>:184 ] [33m[1mRunner stderr: [fence-gate-diag] SETTER key=cache ok=True tid=8273263424 ctx_now={'engine': True, 'cache': True}[0m
[ 2026-09-03 19:00:49.732 | [33m[1mWARNING [0m | exo.worker.runner.supervisor:<lambda>:184 ] [33m[1mRunner stderr: [fence-gate-diag] SETTER key=cache ok=True tid=8273263424 ctx_now={'engine': True, 'cache': True}[0m
[ 2026-09-03 19:00:49.794 | [33m[1mWARNING [0m | exo.worker.runner.supervisor:<lambda>:184 ] [33m[1mRunner stderr: [fence-gate-diag] SETTER key=cache ok=True tid=8273263424 ctx_now={'engine': True, 'cache': True}[0m
[ 2026-09-03 19:00:49.850 | [33m[1mWARNING [0m | exo.worker.runner.supervisor:<lambda>:184 ] [33m[1mRunner stderr: [fence-gate-diag] SETTER key=cache ok=False tid=8273263424 ctx_now={'engine': True, 'cache': False}[0m
[ 2026-09-03 19:00:49.850 | [33m[1mWARNING [0m | exo.worker.runner.supervisor:<lambda>:184 ] [33m[1mRunner stderr: [fence-gate-diag] SETTER key=cache ok=True tid=8273263424 ctx_now={'engine': True, 'cache': True}[0m
[ 2026-09-03 19:00:49.853 | [33m[1mWARNING [0m | exo.worker.runner.supervisor:<lambda>:184 ] [33m[1mRunner stderr: [BG_DECODE_PROBE pid=62651] step=96 wall_ms=79.13 gpu_ms=103.67 gpu_pct=131.0[0m
[ 2026-09-03 19:00:49.854 | [33m[1mWARNING [0m | exo.worker.runner.supervisor:<lambda>:184 ] [33m[1mRunner stderr: [fence-gate-diag] SETTER key=cache ok=True tid=8273263424 ctx_now={'engine': True, 'cache': True}[0m
[ 2026-09-03 19:00:49.942 | [33m[1mWARNING [0m | exo.worker.runner.supervisor:<lambda>:184 ] [33m[1mRunner stderr: [fence-gate-diag] SETTER key=cache ok=False tid=8273263424 ctx_now={'engine': True, 'cache': False}[0m
[ 2026-09-03 19:00:49.943 | [33m[1mWARNING [0m | exo.worker.runner.supervisor:<lambda>:184 ] [33m[1mRunner stderr: [fence-gate-diag] SETTER key=cache ok=True tid=8273263424 ctx_now={'engine': True, 'cache': True}[0m
[ 2026-09-03 19:00:49.947 | [33m[1mWARNING [0m | exo.worker.runner.supervisor:<lambda>:184 ] [33m[1mRunner stderr: [fence-gate-diag] SETTER key=cache ok=True tid=8273263424 ctx_now={'engine': True, 'cache': True}[0m
[ 2026-09-03 19:00:50.024 | [33m[1mWARNING [0m | exo.worker.runner.supervisor:<lambda>:184 ] [33m[1mRunner stderr: [fence-gate-diag] SETTER key=cache ok=True tid=8273263424 ctx_now={'engine': True, 'cache': True}[0m
[ 2026-09-03 19:00:50.116 | [33m[1mWARNING [0m | exo.worker.runner.supervisor:<lambda>:184 ] [33m[1mRunner stderr: [fence-gate-diag] SETTER key=cache ok=True tid=8273263424 ctx_now={'engine': True, 'cache': True}[0m
[ 2026-09-03 19:00:50.207 | [33m[1mWARNING [0m | exo.worker.runner.supervisor:<lambda>:184 ] [33m[1mRunner stderr: [fence-gate-diag] SETTER key=cache ok=True tid=8273263424 ctx_now={'engine': True, 'cache': True}[0m
[ 2026-09-03 19:00:50.299 | [33m[1mWARNING [0m | exo.worker.runner.supervisor:<lambda>:184 ] [33m[1mRunner stderr: [fence-gate-diag] SETTER key=cache ok=True tid=8273263424 ctx_now={'engine': True, 'cache': True}[0m
[ 2026-09-03 19:00:50.391 | [33m[1mWARNING [0m | exo.worker.runner.supervisor:<lambda>:184 ] [33m[1mRunner stderr: [fence-gate-diag] SETTER key=cache ok=True tid=8273263424 ctx_now={'engine': True, 'cache': True}[0m
[ 2026-09-03 19:00:50.484 | [33m[1mWARNING [0m | exo.worker.runner.supervisor:<lambda>:184 ] [33m[1mRunner stderr: [fence-gate-diag] SETTER key=cache ok=True tid=8273263424 ctx_now={'engine': True, 'cache': True}[0m
[ 2026-09-03 19:00:50.575 | [33m[1mWARNING [0m | exo.worker.runner.supervisor:<lambda>:184 ] [33m[1mRunner stderr: [fence-gate-diag] SETTER key=cache ok=True tid=8273263424 ctx_now={'engine': True, 'cache': True}[0m
[ 2026-09-03 19:00:50.668 | [33m[1mWARNING [0m | exo.worker.runner.supervisor:<lambda>:184 ] [33m[1mRunner stderr: [fence-gate-diag] SETTER key=cache ok=True tid=8273263424 ctx_now={'engine': True, 'cache': True}[0m
[ 2026-09-03 19:00:50.761 | [33m[1mWARNING [0m | exo.worker.runner.supervisor:<lambda>:184 ] [33m[1mRunner stderr: [fence-gate-diag] SETTER key=cache ok=True tid=8273263424 ctx_now={'engine': True, 'cache': True}[0m
[ 2026-09-03 19:00:50.856 | [33m[1mWARNING [0m | exo.worker.runner.supervisor:<lambda>:184 ] [33m[1mRunner stderr: [fence-gate-diag] SETTER key=cache ok=True tid=8273263424 ctx_now={'engine': True, 'cache': True}[0m
[ 2026-09-03 19:00:50.947 | [33m[1mWARNING [0m | exo.worker.runner.supervisor:<lambda>:184 ] [33m[1mRunner stderr: [fence-gate-diag] SETTER key=cache ok=True tid=8273263424 ctx_now={'engine': True, 'cache': True}[0m
[ 2026-09-03 19:00:51.090 | [33m[1mWARNING [0m | exo.worker.runner.supervisor:<lambda>:184 ] [33m[1mRunner stderr: [fence-gate-diag] SETTER key=cache ok=True tid=8273263424 ctx_now={'engine': True, 'cache': True}[0m
[ 2026-09-03 19:00:51.183 | [33m[1mWARNING [0m | exo.worker.runner.supervisor:<lambda>:184 ] [33m[1mRunner stderr: [fence-gate-diag] SETTER key=cache ok=True tid=8273263424 ctx_now={'engine': True, 'cache': True}[0m
[ 2026-09-03 19:00:51.276 | [33m[1mWARNING [0m | exo.worker.runner.supervisor:<lambda>:184 ] [33m[1mRunner stderr: [fence-gate-diag] SETTER key=cache ok=True tid=8273263424 ctx_now={'engine': True, 'cache': True}[0m
[ 2026-09-03 19:00:51.368 | [33m[1mWARNING [0m | exo.worker.runner.supervisor:<lambda>:184 ] [33m[1mRunner stderr: [BG_DECODE_PROBE pid=62651] step=112 wall_ms=94.71 gpu_ms=145.72 gpu_pct=153.9[0m
[ 2026-09-03 19:00:51.369 | [33m[1mWARNING [0m | exo.worker.runner.supervisor:<lambda>:184 ] [33m[1mRunner stderr: [fence-gate-diag] SETTER key=cache ok=True tid=8273263424 ctx_now={'engine': True, 'cache': True}[0m
[ 2026-09-03 19:00:51.459 | [33m[1mWARNING [0m | exo.worker.runner.supervisor:<lambda>:184 ] [33m[1mRunner stderr: [fence-gate-diag] SETTER key=engine ok=False tid=8273263424 ctx_now={'engine': False, 'cache': True}[0m
[ 2026-09-03 19:00:51.894 | [33m[1mWARNING [0m | exo.worker.runner.supervisor:<lambda>:184 ] [33m[1mRunner stderr: [fence-gate-diag] SETTER key=engine ok=False tid=8273263424 ctx_now={'engine': False, 'cache': True}[0m
[ 2026-09-03 19:00:52.128 | [33m[1mWARNING [0m | exo.worker.runner.supervisor:<lambda>:184 ] [33m[1mRunner stderr: [fence-gate-diag] n=4000 FENCE_ASYNC=True engine=False cache=True cache_registered=True B=1 MAX_B=1 L=1[0m
[ 2026-09-03 19:00:52.210 | [33m[1mWARNING [0m | exo.worker.runner.supervisor:<lambda>:184 ] [33m[1mRunner stderr: [fence-gate-diag] SETTER key=cache ok=False tid=8273263424 ctx_now={'engine': False, 'cache': False}[0m
[ 2026-09-03 19:00:52.235 | [33m[1mWARNING [0m | exo.worker.runner.supervisor:<lambda>:184 ] [33m[1mRunner stderr: [fence-gate-diag] SETTER key=cache ok=False tid=8273263424 ctx_now={'engine': False, 'cache': False}[0m
[ 2026-09-03 19:00:52.235 | [33m[1mWARNING [0m | exo.worker.runner.supervisor:<lambda>:184 ] [33m[1mRunner stderr: [fence-gate-diag] SETTER key=cache ok=True tid=8273263424 ctx_now={'engine': False, 'cache': True}[0m
[ 2026-09-03 19:00:52.273 | [33m[1mWARNING [0m | exo.worker.runner.supervisor:<lambda>:184 ] [33m[1mRunner stderr: [fence-gate-diag] SETTER key=engine ok=True tid=8273263424 ctx_now={'engine': True, 'cache': True}[0m
[ 2026-09-03 19:00:52.388 | [33m[1mWARNING [0m | exo.worker.runner.supervisor:<lambda>:184 ] [33m[1mRunner stderr: [fence-gate-diag] SETTER key=cache ok=True tid=8273263424 ctx_now={'engine': True, 'cache': True}[0m
[ 2026-09-03 19:00:52.443 | [33m[1mWARNING [0m | exo.worker.runner.supervisor:<lambda>:184 ] [33m[1mRunner stderr: [fence-gate-diag] SETTER key=cache ok=False tid=8273263424 ctx_now={'engine': True, 'cache': False}[0m
[ 2026-09-03 19:00:52.443 | [33m[1mWARNING [0m | exo.worker.runner.supervisor:<lambda>:184 ] [33m[1mRunner stderr: [fence-gate-diag] SETTER key=cache ok=True tid=8273263424 ctx_now={'engine': True, 'cache': True}[0m
[ 2026-09-03 19:00:52.446 | [33m[1mWARNING [0m | exo.worker.runner.supervisor:<lambda>:184 ] [33m[1mRunner stderr: [fence-gate-diag] SETTER key=cache ok=True tid=8273263424 ctx_now={'engine': True, 'cache': True}[0m
[ 2026-09-03 19:00:52.530 | [33m[1mWARNING [0m | exo.worker.runner.supervisor:<lambda>:184 ] [33m[1mRunner stderr: [fence-gate-diag] SETTER key=cache ok=False tid=8273263424 ctx_now={'engine': True, 'cache': False}[0m
[ 2026-09-03 19:00:52.531 | [33m[1mWARNING [0m | exo.worker.runner.supervisor:<lambda>:184 ] [33m[1mRunner stderr: [fence-gate-diag] SETTER key=cache ok=True tid=8273263424 ctx_now={'engine': True, 'cache': True}[0m
[ 2026-09-03 19:00:52.534 | [33m[1mWARNING [0m | exo.worker.runner.supervisor:<lambda>:184 ] [33m[1mRunner stderr: [fence-gate-diag] SETTER key=cache ok=True tid=8273263424 ctx_now={'engine': True, 'cache': True}[0m
[ 2026-09-03 19:00:52.619 | [33m[1mWARNING [0m | exo.worker.runner.supervisor:<lambda>:184 ] [33m[1mRunner stderr: [fence-gate-diag] SETTER key=cache ok=False tid=8273263424 ctx_now={'engine': True, 'cache': False}[0m
[ 2026-09-03 19:00:52.619 | [33m[1mWARNING [0m | exo.worker.runner.supervisor:<lambda>:184 ] [33m[1mRunner stderr: [fence-gate-diag] SETTER key=cache ok=True tid=8273263424 ctx_now={'engine': True, 'cache': True}[0m
[ 2026-09-03 19:00:52.623 | [33m[1mWARNING [0m | exo.worker.runner.supervisor:<lambda>:184 ] [33m[1mRunner stderr: [fence-gate-diag] SETTER key=cache ok=True tid=8273263424 ctx_now={'engine': True, 'cache': True}[0m
[ 2026-09-03 19:00:52.691 | [33m[1mWARNING [0m | exo.worker.runner.supervisor:<lambda>:184 ] [33m[1mRunner stderr: [fence-gate-diag] SETTER key=cache ok=False tid=8273263424 ctx_now={'engine': True, 'cache': False}[0m
[ 2026-09-03 19:00:52.691 | [33m[1mWARNING [0m | exo.worker.runner.supervisor:<lambda>:184 ] [33m[1mRunner stderr: [fence-gate-diag] SETTER key=cache ok=True tid=8273263424 ctx_now={'engine': True, 'cache': True}[0m
[ 2026-09-03 19:00:52.695 | [33m[1mWARNING [0m | exo.worker.runner.supervisor:<lambda>:184 ] [33m[1mRunner stderr: [fence-gate-diag] SETTER key=cache ok=True tid=8273263424 ctx_now={'engine': True, 'cache': True}[0m
[ 2026-09-03 19:00:52.780 | [33m[1mWARNING [0m | exo.worker.runner.supervisor:<lambda>:184 ] [33m[1mRunner stderr: [fence-gate-diag] SETTER key=cache ok=False tid=8273263424 ctx_now={'engine': True, 'cache': False}[0m
[ 2026-09-03 19:00:52.780 | [33m[1mWARNING [0m | exo.worker.runner.supervisor:<lambda>:184 ] [33m[1mRunner stderr: [fence-gate-diag] SETTER key=cache ok=True tid=8273263424 ctx_now={'engine': True, 'cache': True}[0m
[ 2026-09-03 19:00:52.784 | [33m[1mWARNING [0m | exo.worker.runner.supervisor:<lambda>:184 ] [33m[1mRunner stderr: [fence-gate-diag] SETTER key=cache ok=True tid=8273263424 ctx_now={'engine': True, 'cache': True}[0m
[ 2026-09-03 19:00:52.854 | [33m[1mWARNING [0m | exo.worker.runner.supervisor:<lambda>:184 ] [33m[1mRunner stderr: [fence-gate-diag] SETTER key=cache ok=False tid=8273263424 ctx_now={'engine': True, 'cache': False}[0m
[ 2026-09-03 19:00:52.855 | [33m[1mWARNING [0m | exo.worker.runner.supervisor:<lambda>:184 ] [33m[1mRunner stderr: [fence-gate-diag] SETTER key=cache ok=True tid=8273263424 ctx_now={'engine': True, 'cache': True}[0m
[ 2026-09-03 19:00:52.858 | [33m[1mWARNING [0m | exo.worker.runner.supervisor:<lambda>:184 ] [33m[1mRunner stderr: [fence-gate-diag] SETTER key=cache ok=True tid=8273263424 ctx_now={'engine': True, 'cache': True}[0m
[ 2026-09-03 19:00:52.941 | [33m[1mWARNING [0m | exo.worker.runner.supervisor:<lambda>:184 ] [33m[1mRunner stderr: [fence-gate-diag] SETTER key=cache ok=False tid=8273263424 ctx_now={'engine': True, 'cache': False}[0m
[ 2026-09-03 19:00:52.942 | [33m[1mWARNING [0m | exo.worker.runner.supervisor:<lambda>:184 ] [33m[1mRunner stderr: [fence-gate-diag] SETTER key=cache ok=True tid=8273263424 ctx_now={'engine': True, 'cache': True}[0m
[ 2026-09-03 19:00:52.945 | [33m[1mWARNING [0m | exo.worker.runner.supervisor:<lambda>:184 ] [33m[1mRunner stderr: [fence-gate-diag] SETTER key=cache ok=True tid=8273263424 ctx_now={'engine': True, 'cache': True}[0m
[ 2026-09-03 19:00:53.012 | [33m[1mWARNING [0m | exo.worker.runner.supervisor:<lambda>:184 ] [33m[1mRunner stderr: [fence-gate-diag] SETTER key=cache ok=False tid=8273263424 ctx_now={'engine': True, 'cache': False}[0m
[ 2026-09-03 19:00:53.013 | [33m[1mWARNING [0m | exo.worker.runner.supervisor:<lambda>:184 ] [33m[1mRunner stderr: [fence-gate-diag] SETTER key=cache ok=True tid=8273263424 ctx_now={'engine': True, 'cache': True}[0m
[ 2026-09-03 19:00:53.016 | [33m[1mWARNING [0m | exo.worker.runner.supervisor:<lambda>:184 ] [33m[1mRunner stderr: [fence-gate-diag] SETTER key=cache ok=True tid=8273263424 ctx_now={'engine': True, 'cache': True}[0m
[ 2026-09-03 19:00:53.089 | [33m[1mWARNING [0m | exo.worker.runner.supervisor:<lambda>:184 ] [33m[1mRunner stderr: [fence-gate-diag] SETTER key=cache ok=False tid=8273263424 ctx_now={'engine': True, 'cache': False}[0m
[ 2026-09-03 19:00:53.090 | [33m[1mWARNING [0m | exo.worker.runner.supervisor:<lambda>:184 ] [33m[1mRunner stderr: [fence-gate-diag] SETTER key=cache ok=True tid=8273263424 ctx_now={'engine': True, 'cache': True}[0m
[ 2026-09-03 19:00:53.093 | [33m[1mWARNING [0m | exo.worker.runner.supervisor:<lambda>:184 ] [33m[1mRunner stderr: [fence-gate-diag] SETTER key=cache ok=True tid=8273263424 ctx_now={'engine': True, 'cache': True}[0m
[ 2026-09-03 19:00:53.181 | [33m[1mWARNING [0m | exo.worker.runner.supervisor:<lambda>:184 ] [33m[1mRunner stderr: [fence-gate-diag] SETTER key=cache ok=True tid=8273263424 ctx_now={'engine': True, 'cache': True}[0m
[ 2026-09-03 19:00:53.276 | [33m[1mWARNING [0m | exo.worker.runner.supervisor:<lambda>:184 ] [33m[1mRunner stderr: [fence-gate-diag] SETTER key=cache ok=True tid=8273263424 ctx_now={'engine': True, 'cache': True}[0m
[ 2026-09-03 19:00:53.363 | [33m[1mWARNING [0m | exo.worker.runner.supervisor:<lambda>:184 ] [33m[1mRunner stderr: [BG_DECODE_PROBE pid=62651] step=128 wall_ms=124.72 gpu_ms=91.41 gpu_pct=73.3[0m
[ 2026-09-03 19:00:53.365 | [33m[1mWARNING [0m | exo.worker.runner.supervisor:<lambda>:184 ] [33m[1mRunner stderr: [fence-gate-diag] SETTER key=cache ok=True tid=8273263424 ctx_now={'engine': True, 'cache': True}[0m
[ 2026-09-03 19:00:53.452 | [33m[1mWARNING [0m | exo.worker.runner.supervisor:<lambda>:184 ] [33m[1mRunner stderr: [fence-gate-diag] SETTER key=cache ok=True tid=8273263424 ctx_now={'engine': True, 'cache': True}[0m
[ 2026-09-03 19:00:53.513 | [33m[1mWARNING [0m | exo.worker.runner.supervisor:<lambda>:184 ] [33m[1mRunner stderr: [fence-gate-diag] SETTER key=cache ok=True tid=8273263424 ctx_now={'engine': True, 'cache': True}[0m
[ 2026-09-03 19:00:53.613 | [33m[1mWARNING [0m | exo.worker.runner.supervisor:<lambda>:184 ] [33m[1mRunner stderr: [fence-gate-diag] SETTER key=cache ok=False tid=8273263424 ctx_now={'engine': True, 'cache': False}[0m
[ 2026-09-03 19:00:53.614 | [33m[1mWARNING [0m | exo.worker.runner.supervisor:<lambda>:184 ] [33m[1mRunner stderr: [fence-gate-diag] SETTER key=cache ok=True tid=8273263424 ctx_now={'engine': True, 'cache': True}[0m
[ 2026-09-03 19:00:53.617 | [33m[1mWARNING [0m | exo.worker.runner.supervisor:<lambda>:184 ] [33m[1mRunner stderr: [fence-gate-diag] SETTER key=cache ok=True tid=8273263424 ctx_now={'engine': True, 'cache': True}[0m
[ 2026-09-03 19:00:53.691 | [33m[1mWARNING [0m | exo.worker.runner.supervisor:<lambda>:184 ] [33m[1mRunner stderr: [fence-gate-diag] SETTER key=cache ok=False tid=8273263424 ctx_now={'engine': True, 'cache': False}[0m
[ 2026-09-03 19:00:53.692 | [33m[1mWARNING [0m | exo.worker.runner.supervisor:<lambda>:184 ] [33m[1mRunner stderr: [fence-gate-diag] SETTER key=cache ok=True tid=8273263424 ctx_now={'engine': True, 'cache': True}[0m
[ 2026-09-03 19:00:53.696 | [33m[1mWARNING [0m | exo.worker.runner.supervisor:<lambda>:184 ] [33m[1mRunner stderr: [fence-gate-diag] SETTER key=cache ok=True tid=8273263424 ctx_now={'engine': True, 'cache': True}[0m
[ 2026-09-03 19:00:53.754 | [33m[1mWARNING [0m | exo.worker.runner.supervisor:<lambda>:184 ] [33m[1mRunner stderr: [fence-gate-diag] SETTER key=cache ok=False tid=8273263424 ctx_now={'engine': True, 'cache': False}[0m
[ 2026-09-03 19:00:53.754 | [33m[1mWARNING [0m | exo.worker.runner.supervisor:<lambda>:184 ] [33m[1mRunner stderr: [fence-gate-diag] SETTER key=cache ok=True tid=8273263424 ctx_now={'engine': True, 'cache': True}[0m
[ 2026-09-03 19:00:53.758 | [33m[1mWARNING [0m | exo.worker.runner.supervisor:<lambda>:184 ] [33m[1mRunner stderr: [fence-gate-diag] SETTER key=cache ok=True tid=8273263424 ctx_now={'engine': True, 'cache': True}[0m
[ 2026-09-03 19:00:53.825 | [33m[1mWARNING [0m | exo.worker.runner.supervisor:<lambda>:184 ] [33m[1mRunner stderr: [fence-gate-diag] SETTER key=cache ok=False tid=8273263424 ctx_now={'engine': True, 'cache': False}[0m
[ 2026-09-03 19:00:53.825 | [33m[1mWARNING [0m | exo.worker.runner.supervisor:<lambda>:184 ] [33m[1mRunner stderr: [fence-gate-diag] SETTER key=cache ok=True tid=8273263424 ctx_now={'engine': True, 'cache': True}[0m
[ 2026-09-03 19:00:53.828 | [33m[1mWARNING [0m | exo.worker.runner.supervisor:<lambda>:184 ] [33m[1mRunner stderr: [fence-gate-diag] SETTER key=cache ok=True tid=8273263424 ctx_now={'engine': True, 'cache': True}[0m
[ 2026-09-03 19:00:53.931 | [33m[1mWARNING [0m | exo.worker.runner.supervisor:<lambda>:184 ] [33m[1mRunner stderr: [fence-gate-diag] SETTER key=cache ok=False tid=8273263424 ctx_now={'engine': True, 'cache': False}[0m
[ 2026-09-03 19:00:53.932 | [33m[1mWARNING [0m | exo.worker.runner.supervisor:<lambda>:184 ] [33m[1mRunner stderr: [fence-gate-diag] SETTER key=cache ok=True tid=8273263424 ctx_now={'engine': True, 'cache': True}[0m
[ 2026-09-03 19:00:53.936 | [33m[1mWARNING [0m | exo.worker.runner.supervisor:<lambda>:184 ] [33m[1mRunner stderr: [fence-gate-diag] SETTER key=cache ok=True tid=8273263424 ctx_now={'engine': True, 'cache': True}[0m
[ 2026-09-03 19:00:53.996 | [33m[1mWARNING [0m | exo.worker.runner.supervisor:<lambda>:184 ] [33m[1mRunner stderr: [fence-gate-diag] SETTER key=cache ok=False tid=8273263424 ctx_now={'engine': True, 'cache': False}[0m
[ 2026-09-03 19:00:53.996 | [33m[1mWARNING [0m | exo.worker.runner.supervisor:<lambda>:184 ] [33m[1mRunner stderr: [fence-gate-diag] SETTER key=cache ok=True tid=8273263424 ctx_now={'engine': True, 'cache': True}[0m
[ 2026-09-03 19:00:54.000 | [33m[1mWARNING [0m | exo.worker.runner.supervisor:<lambda>:184 ] [33m[1mRunner stderr: [fence-gate-diag] SETTER key=cache ok=True tid=8273263424 ctx_now={'engine': True, 'cache': True}[0m
[ 2026-09-03 19:00:54.091 | [33m[1mWARNING [0m | exo.worker.runner.supervisor:<lambda>:184 ] [33m[1mRunner stderr: [fence-gate-diag] SETTER key=cache ok=True tid=8273263424 ctx_now={'engine': True, 'cache': True}[0m
[ 2026-09-03 19:00:54.179 | [33m[1mWARNING [0m | exo.worker.runner.supervisor:<lambda>:184 ] [33m[1mRunner stderr: [fence-gate-diag] SETTER key=cache ok=False tid=8273263424 ctx_now={'engine': True, 'cache': False}[0m
[ 2026-09-03 19:00:54.179 | [33m[1mWARNING [0m | exo.worker.runner.supervisor:<lambda>:184 ] [33m[1mRunner stderr: [fence-gate-diag] SETTER key=cache ok=True tid=8273263424 ctx_now={'engine': True, 'cache': True}[0m
[ 2026-09-03 19:00:54.183 | [33m[1mWARNING [0m | exo.worker.runner.supervisor:<lambda>:184 ] [33m[1mRunner stderr: [fence-gate-diag] SETTER key=cache ok=True tid=8273263424 ctx_now={'engine': True, 'cache': True}[0m
[ 2026-09-03 19:00:54.273 | [33m[1mWARNING [0m | exo.worker.runner.supervisor:<lambda>:184 ] [33m[1mRunner stderr: [fence-gate-diag] SETTER key=cache ok=False tid=8273263424 ctx_now={'engine': True, 'cache': False}[0m
[ 2026-09-03 19:00:54.274 | [33m[1mWARNING [0m | exo.worker.runner.supervisor:<lambda>:184 ] [33m[1mRunner stderr: [fence-gate-diag] SETTER key=cache ok=True tid=8273263424 ctx_now={'engine': True, 'cache': True}[0m
[ 2026-09-03 19:00:54.277 | [33m[1mWARNING [0m | exo.worker.runner.supervisor:<lambda>:184 ] [33m[1mRunner stderr: [fence-gate-diag] SETTER key=cache ok=True tid=8273263424 ctx_now={'engine': True, 'cache': True}[0m
[ 2026-09-03 19:00:54.334 | [33m[1mWARNING [0m | exo.worker.runner.supervisor:<lambda>:184 ] [33m[1mRunner stderr: [fence-gate-diag] SETTER key=cache ok=False tid=8273263424 ctx_now={'engine': True, 'cache': False}[0m
[ 2026-09-03 19:00:54.334 | [33m[1mWARNING [0m | exo.worker.runner.supervisor:<lambda>:184 ] [33m[1mRunner stderr: [fence-gate-diag] SETTER key=cache ok=True tid=8273263424 ctx_now={'engine': True, 'cache': True}[0m
[ 2026-09-03 19:00:54.337 | [33m[1mWARNING [0m | exo.worker.runner.supervisor:<lambda>:184 ] [33m[1mRunner stderr: [fence-gate-diag] SETTER key=cache ok=True tid=8273263424 ctx_now={'engine': True, 'cache': True}[0m
[ 2026-09-03 19:00:54.411 | [33m[1mWARNING [0m | exo.worker.runner.supervisor:<lambda>:184 ] [33m[1mRunner stderr: [fence-gate-diag] SETTER key=cache ok=False tid=8273263424 ctx_now={'engine': True, 'cache': False}[0m
[ 2026-09-03 19:00:54.412 | [33m[1mWARNING [0m | exo.worker.runner.supervisor:<lambda>:184 ] [33m[1mRunner stderr: [fence-gate-diag] SETTER key=cache ok=True tid=8273263424 ctx_now={'engine': True, 'cache': True}[0m
[ 2026-09-03 19:00:54.415 | [33m[1mWARNING [0m | exo.worker.runner.supervisor:<lambda>:184 ] [33m[1mRunner stderr: [fence-gate-diag] SETTER key=cache ok=True tid=8273263424 ctx_now={'engine': True, 'cache': True}[0m
[ 2026-09-03 19:00:54.484 | [33m[1mWARNING [0m | exo.worker.runner.supervisor:<lambda>:184 ] [33m[1mRunner stderr: [fence-gate-diag] SETTER key=cache ok=False tid=8273263424 ctx_now={'engine': True, 'cache': False}[0m
[ 2026-09-03 19:00:54.485 | [33m[1mWARNING [0m | exo.worker.runner.supervisor:<lambda>:184 ] [33m[1mRunner stderr: [fence-gate-diag] SETTER key=cache ok=True tid=8273263424 ctx_now={'engine': True, 'cache': True}[0m
[ 2026-09-03 19:00:54.488 | [33m[1mWARNING [0m | exo.worker.runner.supervisor:<lambda>:184 ] [33m[1mRunner stderr: [fence-gate-diag] SETTER key=cache ok=True tid=8273263424 ctx_now={'engine': True, 'cache': True}[0m
[ 2026-09-03 19:00:54.544 | [33m[1mWARNING [0m | exo.worker.runner.supervisor:<lambda>:184 ] [33m[1mRunner stderr: [fence-gate-diag] SETTER key=cache ok=False tid=8273263424 ctx_now={'engine': True, 'cache': False}[0m
[ 2026-09-03 19:00:54.545 | [33m[1mWARNING [0m | exo.worker.runner.supervisor:<lambda>:184 ] [33m[1mRunner stderr: [fence-gate-diag] SETTER key=cache ok=True tid=8273263424 ctx_now={'engine': True, 'cache': True}[0m
[ 2026-09-03 19:00:54.548 | [33m[1mWARNING [0m | exo.worker.runner.supervisor:<lambda>:184 ] [33m[1mRunner stderr: [fence-gate-diag] SETTER key=cache ok=True tid=8273263424 ctx_now={'engine': True, 'cache': True}[0m
[ 2026-09-03 19:00:54.626 | [33m[1mWARNING [0m | exo.worker.runner.supervisor:<lambda>:184 ] [33m[1mRunner stderr: [BG_DECODE_PROBE pid=62651] step=144 wall_ms=78.90 gpu_ms=91.00 gpu_pct=115.3[0m
[ 2026-09-03 19:00:54.627 | [33m[1mWARNING [0m | exo.worker.runner.supervisor:<lambda>:184 ] [33m[1mRunner stderr: [fence-gate-diag] SETTER key=cache ok=True tid=8273263424 ctx_now={'engine': True, 'cache': True}[0m
[ 2026-09-03 19:00:54.701 | [33m[1mWARNING [0m | exo.worker.runner.supervisor:<lambda>:184 ] [33m[1mRunner stderr: [fence-gate-diag] SETTER key=cache ok=False tid=8273263424 ctx_now={'engine': True, 'cache': False}[0m
[ 2026-09-03 19:00:54.702 | [33m[1mWARNING [0m | exo.worker.runner.supervisor:<lambda>:184 ] [33m[1mRunner stderr: [fence-gate-diag] SETTER key=cache ok=True tid=8273263424 ctx_now={'engine': True, 'cache': True}[0m
[ 2026-09-03 19:00:54.706 | [33m[1mWARNING [0m | exo.worker.runner.supervisor:<lambda>:184 ] [33m[1mRunner stderr: [fence-gate-diag] SETTER key=cache ok=True tid=8273263424 ctx_now={'engine': True, 'cache': True}[0m
[ 2026-09-03 19:00:54.779 | [33m[1mWARNING [0m | exo.worker.runner.supervisor:<lambda>:184 ] [33m[1mRunner stderr: [fence-gate-diag] SETTER key=cache ok=False tid=8273263424 ctx_now={'engine': True, 'cache': False}[0m
[ 2026-09-03 19:00:54.780 | [33m[1mWARNING [0m | exo.worker.runner.supervisor:<lambda>:184 ] [33m[1mRunner stderr: [fence-gate-diag] SETTER key=cache ok=True tid=8273263424 ctx_now={'engine': True, 'cache': True}[0m
[ 2026-09-03 19:00:54.783 | [33m[1mWARNING [0m | exo.worker.runner.supervisor:<lambda>:184 ] [33m[1mRunner stderr: [fence-gate-diag] SETTER key=cache ok=True tid=8273263424 ctx_now={'engine': True, 'cache': True}[0m
[ 2026-09-03 19:00:54.856 | [33m[1mWARNING [0m | exo.worker.runner.supervisor:<lambda>:184 ] [33m[1mRunner stderr: [fence-gate-diag] SETTER key=cache ok=True tid=8273263424 ctx_now={'engine': True, 'cache': True}[0m
[ 2026-09-03 19:00:54.944 | [33m[1mWARNING [0m | exo.worker.runner.supervisor:<lambda>:184 ] [33m[1mRunner stderr: [fence-gate-diag] SETTER key=cache ok=False tid=8273263424 ctx_now={'engine': True, 'cache': False}[0m
[ 2026-09-03 19:00:54.944 | [33m[1mWARNING [0m | exo.worker.runner.supervisor:<lambda>:184 ] [33m[1mRunner stderr: [fence-gate-diag] SETTER key=cache ok=True tid=8273263424 ctx_now={'engine': True, 'cache': True}[0m
[ 2026-09-03 19:00:54.948 | [33m[1mWARNING [0m | exo.worker.runner.supervisor:<lambda>:184 ] [33m[1mRunner stderr: [fence-gate-diag] SETTER key=cache ok=True tid=8273263424 ctx_now={'engine': True, 'cache': True}[0m
[ 2026-09-03 19:00:55.039 | [33m[1mWARNING [0m | exo.worker.runner.supervisor:<lambda>:184 ] [33m[1mRunner stderr: [fence-gate-diag] SETTER key=cache ok=False tid=8273263424 ctx_now={'engine': True, 'cache': False}[0m
[ 2026-09-03 19:00:55.040 | [33m[1mWARNING [0m | exo.worker.runner.supervisor:<lambda>:184 ] [33m[1mRunner stderr: [fence-gate-diag] SETTER key=cache ok=True tid=8273263424 ctx_now={'engine': True, 'cache': True}[0m
[ 2026-09-03 19:00:55.044 | [33m[1mWARNING [0m | exo.worker.runner.supervisor:<lambda>:184 ] [33m[1mRunner stderr: [fence-gate-diag] SETTER key=cache ok=True tid=8273263424 ctx_now={'engine': True, 'cache': True}[0m
[ 2026-09-03 19:00:55.131 | [33m[1mWARNING [0m | exo.worker.runner.supervisor:<lambda>:184 ] [33m[1mRunner stderr: [fence-gate-diag] SETTER key=cache ok=False tid=8273263424 ctx_now={'engine': True, 'cache': False}[0m
[ 2026-09-03 19:00:55.132 | [33m[1mWARNING [0m | exo.worker.runner.supervisor:<lambda>:184 ] [33m[1mRunner stderr: [fence-gate-diag] SETTER key=cache ok=True tid=8273263424 ctx_now={'engine': True, 'cache': True}[0m
[ 2026-09-03 19:00:55.136 | [33m[1mWARNING [0m | exo.worker.runner.supervisor:<lambda>:184 ] [33m[1mRunner stderr: [fence-gate-diag] SETTER key=cache ok=True tid=8273263424 ctx_now={'engine': True, 'cache': True}[0m
[ 2026-09-03 19:00:55.191 | [33m[1mWARNING [0m | exo.worker.runner.supervisor:<lambda>:184 ] [33m[1mRunner stderr: [fence-gate-diag] SETTER key=cache ok=False tid=8273263424 ctx_now={'engine': True, 'cache': False}[0m
[ 2026-09-03 19:00:55.192 | [33m[1mWARNING [0m | exo.worker.runner.supervisor:<lambda>:184 ] [33m[1mRunner stderr: [fence-gate-diag] SETTER key=cache ok=True tid=8273263424 ctx_now={'engine': True, 'cache': True}[0m
[ 2026-09-03 19:00:55.195 | [33m[1mWARNING [0m | exo.worker.runner.supervisor:<lambda>:184 ] [33m[1mRunner stderr: [fence-gate-diag] SETTER key=cache ok=True tid=8273263424 ctx_now={'engine': True, 'cache': True}[0m
[ 2026-09-03 19:00:55.269 | [33m[1mWARNING [0m | exo.worker.runner.supervisor:<lambda>:184 ] [33m[1mRunner stderr: [fence-gate-diag] SETTER key=cache ok=False tid=8273263424 ctx_now={'engine': True, 'cache': False}[0m
[ 2026-09-03 19:00:55.270 | [33m[1mWARNING [0m | exo.worker.runner.supervisor:<lambda>:184 ] [33m[1mRunner stderr: [fence-gate-diag] SETTER key=cache ok=True tid=8273263424 ctx_now={'engine': True, 'cache': True}[0m
[ 2026-09-03 19:00:55.274 | [33m[1mWARNING [0m | exo.worker.runner.supervisor:<lambda>:184 ] [33m[1mRunner stderr: [fence-gate-diag] SETTER key=cache ok=True tid=8273263424 ctx_now={'engine': True, 'cache': True}[0m
[ 2026-09-03 19:00:55.364 | [33m[1mWARNING [0m | exo.worker.runner.supervisor:<lambda>:184 ] [33m[1mRunner stderr: [fence-gate-diag] SETTER key=cache ok=True tid=8273263424 ctx_now={'engine': True, 'cache': True}[0m
[ 2026-09-03 19:00:55.440 | [33m[1mWARNING [0m | exo.worker.runner.supervisor:<lambda>:184 ] [33m[1mRunner stderr: [fence-gate-diag] SETTER key=cache ok=True tid=8273263424 ctx_now={'engine': True, 'cache': True}[0m
[ 2026-09-03 19:00:55.503 | [33m[1mWARNING [0m | exo.worker.runner.supervisor:<lambda>:184 ] [33m[1mRunner stderr: [fence-gate-diag] SETTER key=cache ok=True tid=8273263424 ctx_now={'engine': True, 'cache': True}[0m
[ 2026-09-03 19:00:55.594 | [33m[1mWARNING [0m | exo.worker.runner.supervisor:<lambda>:184 ] [33m[1mRunner stderr: [fence-gate-diag] SETTER key=cache ok=True tid=8273263424 ctx_now={'engine': True, 'cache': True}[0m
[ 2026-09-03 19:00:55.683 | [33m[1mWARNING [0m | exo.worker.runner.supervisor:<lambda>:184 ] [33m[1mRunner stderr: [fence-gate-diag] SETTER key=cache ok=False tid=8273263424 ctx_now={'engine': True, 'cache': False}[0m
[ 2026-09-03 19:00:55.685 | [33m[1mWARNING [0m | exo.worker.runner.supervisor:<lambda>:184 ] [33m[1mRunner stderr: [fence-gate-diag] SETTER key=cache ok=True tid=8273263424 ctx_now={'engine': True, 'cache': True}[0m
[ 2026-09-03 19:00:55.689 | [33m[1mWARNING [0m | exo.worker.runner.supervisor:<lambda>:184 ] [33m[1mRunner stderr: [fence-gate-diag] SETTER key=cache ok=True tid=8273263424 ctx_now={'engine': True, 'cache': True}[0m
[ 2026-09-03 19:00:55.761 | [33m[1mWARNING [0m | exo.worker.runner.supervisor:<lambda>:184 ] [33m[1mRunner stderr: [fence-gate-diag] SETTER key=cache ok=False tid=8273263424 ctx_now={'engine': True, 'cache': False}[0m
[ 2026-09-03 19:00:55.761 | [33m[1mWARNING [0m | exo.worker.runner.supervisor:<lambda>:184 ] [33m[1mRunner stderr: [fence-gate-diag] SETTER key=cache ok=True tid=8273263424 ctx_now={'engine': True, 'cache': True}[0m
[ 2026-09-03 19:00:55.765 | [33m[1mWARNING [0m | exo.worker.runner.supervisor:<lambda>:184 ] [33m[1mRunner stderr: [fence-gate-diag] SETTER key=cache ok=True tid=8273263424 ctx_now={'engine': True, 'cache': True}[0m
[ 2026-09-03 19:00:55.834 | [33m[1mWARNING [0m | exo.worker.runner.supervisor:<lambda>:184 ] [33m[1mRunner stderr: [fence-gate-diag] SETTER key=cache ok=False tid=8273263424 ctx_now={'engine': True, 'cache': False}[0m
[ 2026-09-03 19:00:55.835 | [33m[1mWARNING [0m | exo.worker.runner.supervisor:<lambda>:184 ] [33m[1mRunner stderr: [fence-gate-diag] SETTER key=cache ok=True tid=8273263424 ctx_now={'engine': True, 'cache': True}[0m
[ 2026-09-03 19:00:55.838 | [33m[1mWARNING [0m | exo.worker.runner.supervisor:<lambda>:184 ] [33m[1mRunner stderr: [fence-gate-diag] SETTER key=cache ok=True tid=8273263424 ctx_now={'engine': True, 'cache': True}[0m
[ 2026-09-03 19:00:55.913 | [33m[1mWARNING [0m | exo.worker.runner.supervisor:<lambda>:184 ] [33m[1mRunner stderr: [fence-gate-diag] SETTER key=cache ok=False tid=8273263424 ctx_now={'engine': True, 'cache': False}[0m
[ 2026-09-03 19:00:55.915 | [33m[1mWARNING [0m | exo.worker.runner.supervisor:<lambda>:184 ] [33m[1mRunner stderr: [fence-gate-diag] SETTER key=cache ok=True tid=8273263424 ctx_now={'engine': True, 'cache': True}[0m
[ 2026-09-03 19:00:55.918 | [33m[1mWARNING [0m | exo.worker.runner.supervisor:<lambda>:184 ] [33m[1mRunner stderr: [BG_DECODE_PROBE pid=62651] step=160 wall_ms=80.71 gpu_ms=106.22 gpu_pct=131.6[0m
[ 2026-09-03 19:00:55.918 | [33m[1mWARNING [0m | exo.worker.runner.supervisor:<lambda>:184 ] [33m[1mRunner stderr: [fence-gate-diag] SETTER key=cache ok=True tid=8273263424 ctx_now={'engine': True, 'cache': True}[0m
[ 2026-09-03 19:00:55.990 | [33m[1mWARNING [0m | exo.worker.runner.supervisor:<lambda>:184 ] [33m[1mRunner stderr: [fence-gate-diag] SETTER key=cache ok=False tid=8273263424 ctx_now={'engine': True, 'cache': False}[0m
[ 2026-09-03 19:00:55.991 | [33m[1mWARNING [0m | exo.worker.runner.supervisor:<lambda>:184 ] [33m[1mRunner stderr: [fence-gate-diag] SETTER key=cache ok=True tid=8273263424 ctx_now={'engine': True, 'cache': True}[0m
[ 2026-09-03 19:00:55.994 | [33m[1mWARNING [0m | exo.worker.runner.supervisor:<lambda>:184 ] [33m[1mRunner stderr: [fence-gate-diag] SETTER key=cache ok=True tid=8273263424 ctx_now={'engine': True, 'cache': True}[0m
[ 2026-09-03 19:00:56.084 | [33m[1mWARNING [0m | exo.worker.runner.supervisor:<lambda>:184 ] [33m[1mRunner stderr: [fence-gate-diag] SETTER key=cache ok=False tid=8273263424 ctx_now={'engine': True, 'cache': False}[0m
[ 2026-09-03 19:00:56.085 | [33m[1mWARNING [0m | exo.worker.runner.supervisor:<lambda>:184 ] [33m[1mRunner stderr: [fence-gate-diag] SETTER key=cache ok=True tid=8273263424 ctx_now={'engine': True, 'cache': True}[0m
[ 2026-09-03 19:00:56.090 | [33m[1mWARNING [0m | exo.worker.runner.supervisor:<lambda>:184 ] [33m[1mRunner stderr: [fence-gate-diag] SETTER key=cache ok=True tid=8273263424 ctx_now={'engine': True, 'cache': True}[0m
[ 2026-09-03 19:00:56.149 | [33m[1mWARNING [0m | exo.worker.runner.supervisor:<lambda>:184 ] [33m[1mRunner stderr: [fence-gate-diag] SETTER key=cache ok=False tid=8273263424 ctx_now={'engine': True, 'cache': False}[0m
[ 2026-09-03 19:00:56.150 | [33m[1mWARNING [0m | exo.worker.runner.supervisor:<lambda>:184 ] [33m[1mRunner stderr: [fence-gate-diag] SETTER key=cache ok=True tid=8273263424 ctx_now={'engine': True, 'cache': True}[0m
[ 2026-09-03 19:00:56.153 | [33m[1mWARNING [0m | exo.worker.runner.supervisor:<lambda>:184 ] [33m[1mRunner stderr: [fence-gate-diag] SETTER key=cache ok=True tid=8273263424 ctx_now={'engine': True, 'cache': True}[0m
[ 2026-09-03 19:00:56.239 | [33m[1mWARNING [0m | exo.worker.runner.supervisor:<lambda>:184 ] [33m[1mRunner stderr: [fence-gate-diag] SETTER key=cache ok=False tid=8273263424 ctx_now={'engine': True, 'cache': False}[0m
[ 2026-09-03 19:00:56.240 | [33m[1mWARNING [0m | exo.worker.runner.supervisor:<lambda>:184 ] [33m[1mRunner stderr: [fence-gate-diag] SETTER key=cache ok=True tid=8273263424 ctx_now={'engine': True, 'cache': True}[0m
[ 2026-09-03 19:00:56.243 | [33m[1mWARNING [0m | exo.worker.runner.supervisor:<lambda>:184 ] [33m[1mRunner stderr: [fence-gate-diag] SETTER key=cache ok=True tid=8273263424 ctx_now={'engine': True, 'cache': True}[0m
[ 2026-09-03 19:00:56.313 | [33m[1mWARNING [0m | exo.worker.runner.supervisor:<lambda>:184 ] [33m[1mRunner stderr: [fence-gate-diag] SETTER key=cache ok=False tid=8273263424 ctx_now={'engine': True, 'cache': False}[0m
[ 2026-09-03 19:00:56.313 | [33m[1mWARNING [0m | exo.worker.runner.supervisor:<lambda>:184 ] [33m[1mRunner stderr: [fence-gate-diag] SETTER key=cache ok=True tid=8273263424 ctx_now={'engine': True, 'cache': True}[0m
[ 2026-09-03 19:00:56.317 | [33m[1mWARNING [0m | exo.worker.runner.supervisor:<lambda>:184 ] [33m[1mRunner stderr: [fence-gate-diag] SETTER key=cache ok=True tid=8273263424 ctx_now={'engine': True, 'cache': True}[0m
[ 2026-09-03 19:00:56.407 | [33m[1mWARNING [0m | exo.worker.runner.supervisor:<lambda>:184 ] [33m[1mRunner stderr: [fence-gate-diag] SETTER key=cache ok=False tid=8273263424 ctx_now={'engine': True, 'cache': False}[0m
[ 2026-09-03 19:00:56.408 | [33m[1mWARNING [0m | exo.worker.runner.supervisor:<lambda>:184 ] [33m[1mRunner stderr: [fence-gate-diag] SETTER key=cache ok=True tid=8273263424 ctx_now={'engine': True, 'cache': True}[0m
[ 2026-09-03 19:00:56.412 | [33m[1mWARNING [0m | exo.worker.runner.supervisor:<lambda>:184 ] [33m[1mRunner stderr: [fence-gate-diag] SETTER key=cache ok=True tid=8273263424 ctx_now={'engine': True, 'cache': True}[0m
[ 2026-09-03 19:00:56.471 | [33m[1mWARNING [0m | exo.worker.runner.supervisor:<lambda>:184 ] [33m[1mRunner stderr: [fence-gate-diag] SETTER key=cache ok=False tid=8273263424 ctx_now={'engine': True, 'cache': False}[0m
[ 2026-09-03 19:00:56.472 | [33m[1mWARNING [0m | exo.worker.runner.supervisor:<lambda>:184 ] [33m[1mRunner stderr: [fence-gate-diag] SETTER key=cache ok=True tid=8273263424 ctx_now={'engine': True, 'cache': True}[0m
[ 2026-09-03 19:00:56.475 | [33m[1mWARNING [0m | exo.worker.runner.supervisor:<lambda>:184 ] [33m[1mRunner stderr: [fence-gate-diag] SETTER key=cache ok=True tid=8273263424 ctx_now={'engine': True, 'cache': True}[0m
[ 2026-09-03 19:00:56.562 | [33m[1mWARNING [0m | exo.worker.runner.supervisor:<lambda>:184 ] [33m[1mRunner stderr: [fence-gate-diag] SETTER key=cache ok=False tid=8273263424 ctx_now={'engine': True, 'cache': False}[0m
[ 2026-09-03 19:00:56.563 | [33m[1mWARNING [0m | exo.worker.runner.supervisor:<lambda>:184 ] [33m[1mRunner stderr: [fence-gate-diag] SETTER key=cache ok=True tid=8273263424 ctx_now={'engine': True, 'cache': True}[0m
[ 2026-09-03 19:00:56.567 | [33m[1mWARNING [0m | exo.worker.runner.supervisor:<lambda>:184 ] [33m[1mRunner stderr: [fence-gate-diag] SETTER key=cache ok=True tid=8273263424 ctx_now={'engine': True, 'cache': True}[0m
[ 2026-09-03 19:00:56.642 | [33m[1mWARNING [0m | exo.worker.runner.supervisor:<lambda>:184 ] [33m[1mRunner stderr: [fence-gate-diag] SETTER key=cache ok=False tid=8273263424 ctx_now={'engine': True, 'cache': False}[0m
[ 2026-09-03 19:00:56.642 | [33m[1mWARNING [0m | exo.worker.runner.supervisor:<lambda>:184 ] [33m[1mRunner stderr: [fence-gate-diag] SETTER key=cache ok=True tid=8273263424 ctx_now={'engine': True, 'cache': True}[0m
[ 2026-09-03 19:00:56.646 | [33m[1mWARNING [0m | exo.worker.runner.supervisor:<lambda>:184 ] [33m[1mRunner stderr: [fence-gate-diag] SETTER key=cache ok=True tid=8273263424 ctx_now={'engine': True, 'cache': True}[0m
[ 2026-09-03 19:00:56.705 | [33m[1mWARNING [0m | exo.worker.runner.supervisor:<lambda>:184 ] [33m[1mRunner stderr: [fence-gate-diag] SETTER key=cache ok=False tid=8273263424 ctx_now={'engine': True, 'cache': False}[0m
[ 2026-09-03 19:00:56.706 | [33m[1mWARNING [0m | exo.worker.runner.supervisor:<lambda>:184 ] [33m[1mRunner stderr: [fence-gate-diag] SETTER key=cache ok=True tid=8273263424 ctx_now={'engine': True, 'cache': True}[0m
[ 2026-09-03 19:00:56.709 | [33m[1mWARNING [0m | exo.worker.runner.supervisor:<lambda>:184 ] [33m[1mRunner stderr: [fence-gate-diag] SETTER key=cache ok=True tid=8273263424 ctx_now={'engine': True, 'cache': True}[0m
[ 2026-09-03 19:00:56.801 | [33m[1mWARNING [0m | exo.worker.runner.supervisor:<lambda>:184 ] [33m[1mRunner stderr: [fence-gate-diag] SETTER key=cache ok=True tid=8273263424 ctx_now={'engine': True, 'cache': True}[0m
[ 2026-09-03 19:00:56.893 | [33m[1mWARNING [0m | exo.worker.runner.supervisor:<lambda>:184 ] [33m[1mRunner stderr: [fence-gate-diag] SETTER key=cache ok=True tid=8273263424 ctx_now={'engine': True, 'cache': True}[0m
[ 2026-09-03 19:00:56.982 | [33m[1mWARNING [0m | exo.worker.runner.supervisor:<lambda>:184 ] [33m[1mRunner stderr: [fence-gate-diag] SETTER key=cache ok=False tid=8273263424 ctx_now={'engine': True, 'cache': False}[0m
[ 2026-09-03 19:00:56.983 | [33m[1mWARNING [0m | exo.worker.runner.supervisor:<lambda>:184 ] [33m[1mRunner stderr: [fence-gate-diag] SETTER key=cache ok=True tid=8273263424 ctx_now={'engine': True, 'cache': True}[0m
[ 2026-09-03 19:00:56.986 | [33m[1mWARNING [0m | exo.worker.runner.supervisor:<lambda>:184 ] [33m[1mRunner stderr: [fence-gate-diag] SETTER key=cache ok=True tid=8273263424 ctx_now={'engine': True, 'cache': True}[0m
[ 2026-09-03 19:00:57.076 | [33m[1mWARNING [0m | exo.worker.runner.supervisor:<lambda>:184 ] [33m[1mRunner stderr: [fence-gate-diag] SETTER key=cache ok=False tid=8273263424 ctx_now={'engine': True, 'cache': False}[0m
[ 2026-09-03 19:00:57.077 | [33m[1mWARNING [0m | exo.worker.runner.supervisor:<lambda>:184 ] [33m[1mRunner stderr: [fence-gate-diag] SETTER key=cache ok=True tid=8273263424 ctx_now={'engine': True, 'cache': True}[0m
[ 2026-09-03 19:00:57.081 | [33m[1mWARNING [0m | exo.worker.runner.supervisor:<lambda>:184 ] [33m[1mRunner stderr: [fence-gate-diag] SETTER key=cache ok=True tid=8273263424 ctx_now={'engine': True, 'cache': True}[0m
[ 2026-09-03 19:00:57.168 | [33m[1mWARNING [0m | exo.worker.runner.supervisor:<lambda>:184 ] [33m[1mRunner stderr: [fence-gate-diag] SETTER key=cache ok=False tid=8273263424 ctx_now={'engine': True, 'cache': False}[0m
[ 2026-09-03 19:00:57.169 | [33m[1mWARNING [0m | exo.worker.runner.supervisor:<lambda>:184 ] [33m[1mRunner stderr: [fence-gate-diag] SETTER key=cache ok=True tid=8273263424 ctx_now={'engine': True, 'cache': True}[0m
[ 2026-09-03 19:00:57.172 | [33m[1mWARNING [0m | exo.worker.runner.supervisor:<lambda>:184 ] [33m[1mRunner stderr: [fence-gate-diag] SETTER key=cache ok=True tid=8273263424 ctx_now={'engine': True, 'cache': True}[0m
[ 2026-09-03 19:00:57.231 | [33m[1mWARNING [0m | exo.worker.runner.supervisor:<lambda>:184 ] [33m[1mRunner stderr: [BG_DECODE_PROBE pid=62651] step=176 wall_ms=82.09 gpu_ms=112.51 gpu_pct=137.0[0m
[ 2026-09-03 19:00:57.233 | [33m[1mWARNING [0m | exo.worker.runner.supervisor:<lambda>:184 ] [33m[1mRunner stderr: [fence-gate-diag] SETTER key=cache ok=True tid=8273263424 ctx_now={'engine': True, 'cache': True}[0m
[ 2026-09-03 19:00:57.296 | [33m[1mWARNING [0m | exo.worker.runner.supervisor:<lambda>:184 ] [33m[1mRunner stderr: [fence-gate-diag] SETTER key=cache ok=True tid=8273263424 ctx_now={'engine': True, 'cache': True}[0m
[ 2026-09-03 19:00:57.353 | [33m[1mWARNING [0m | exo.worker.runner.supervisor:<lambda>:184 ] [33m[1mRunner stderr: [fence-gate-diag] SETTER key=cache ok=False tid=8273263424 ctx_now={'engine': True, 'cache': False}[0m
[ 2026-09-03 19:00:57.353 | [33m[1mWARNING [0m | exo.worker.runner.supervisor:<lambda>:184 ] [33m[1mRunner stderr: [fence-gate-diag] SETTER key=cache ok=True tid=8273263424 ctx_now={'engine': True, 'cache': True}[0m
[ 2026-09-03 19:00:57.357 | [33m[1mWARNING [0m | exo.worker.runner.supervisor:<lambda>:184 ] [33m[1mRunner stderr: [fence-gate-diag] SETTER key=cache ok=True tid=8273263424 ctx_now={'engine': True, 'cache': True}[0m
[ 2026-09-03 19:00:57.446 | [33m[1mWARNING [0m | exo.worker.runner.supervisor:<lambda>:184 ] [33m[1mRunner stderr: [fence-gate-diag] SETTER key=cache ok=False tid=8273263424 ctx_now={'engine': True, 'cache': False}[0m
[ 2026-09-03 19:00:57.447 | [33m[1mWARNING [0m | exo.worker.runner.supervisor:<lambda>:184 ] [33m[1mRunner stderr: [fence-gate-diag] SETTER key=cache ok=True tid=8273263424 ctx_now={'engine': True, 'cache': True}[0m
[ 2026-09-03 19:00:57.451 | [33m[1mWARNING [0m | exo.worker.runner.supervisor:<lambda>:184 ] [33m[1mRunner stderr: [fence-gate-diag] SETTER key=cache ok=True tid=8273263424 ctx_now={'engine': True, 'cache': True}[0m
[ 2026-09-03 19:00:57.528 | [33m[1mWARNING [0m | exo.worker.runner.supervisor:<lambda>:184 ] [33m[1mRunner stderr: [fence-gate-diag] SETTER key=cache ok=True tid=8273263424 ctx_now={'engine': True, 'cache': True}[0m
[ 2026-09-03 19:00:57.620 | [33m[1mWARNING [0m | exo.worker.runner.supervisor:<lambda>:184 ] [33m[1mRunner stderr: [fence-gate-diag] SETTER key=cache ok=True tid=8273263424 ctx_now={'engine': True, 'cache': True}[0m
[ 2026-09-03 19:00:57.713 | [33m[1mWARNING [0m | exo.worker.runner.supervisor:<lambda>:184 ] [33m[1mRunner stderr: [fence-gate-diag] SETTER key=cache ok=True tid=8273263424 ctx_now={'engine': True, 'cache': True}[0m
[ 2026-09-03 19:00:57.806 | [33m[1mWARNING [0m | exo.worker.runner.supervisor:<lambda>:184 ] [33m[1mRunner stderr: [fence-gate-diag] SETTER key=cache ok=True tid=8273263424 ctx_now={'engine': True, 'cache': True}[0m
[ 2026-09-03 19:00:57.901 | [33m[1mWARNING [0m | exo.worker.runner.supervisor:<lambda>:184 ] [33m[1mRunner stderr: [fence-gate-diag] SETTER key=cache ok=True tid=8273263424 ctx_now={'engine': True, 'cache': True}[0m
[ 2026-09-03 19:00:57.994 | [33m[1mWARNING [0m | exo.worker.runner.supervisor:<lambda>:184 ] [33m[1mRunner stderr: [fence-gate-diag] SETTER key=cache ok=True tid=8273263424 ctx_now={'engine': True, 'cache': True}[0m
[ 2026-09-03 19:00:58.087 | [33m[1mWARNING [0m | exo.worker.runner.supervisor:<lambda>:184 ] [33m[1mRunner stderr: [fence-gate-diag] SETTER key=cache ok=True tid=8273263424 ctx_now={'engine': True, 'cache': True}[0m
[ 2026-09-03 19:00:58.179 | [33m[1mWARNING [0m | exo.worker.runner.supervisor:<lambda>:184 ] [33m[1mRunner stderr: [fence-gate-diag] SETTER key=cache ok=True tid=8273263424 ctx_now={'engine': True, 'cache': True}[0m
[ 2026-09-03 19:00:58.272 | [33m[1mWARNING [0m | exo.worker.runner.supervisor:<lambda>:184 ] [33m[1mRunner stderr: [fence-gate-diag] SETTER key=cache ok=True tid=8273263424 ctx_now={'engine': True, 'cache': True}[0m
[ 2026-09-03 19:00:58.364 | [33m[1mWARNING [0m | exo.worker.runner.supervisor:<lambda>:184 ] [33m[1mRunner stderr: [fence-gate-diag] SETTER key=cache ok=True tid=8273263424 ctx_now={'engine': True, 'cache': True}[0m
[ 2026-09-03 19:00:58.456 | [33m[1mWARNING [0m | exo.worker.runner.supervisor:<lambda>:184 ] [33m[1mRunner stderr: [fence-gate-diag] SETTER key=cache ok=True tid=8273263424 ctx_now={'engine': True, 'cache': True}[0m
[ 2026-09-03 19:00:58.602 | [33m[1mWARNING [0m | exo.worker.runner.supervisor:<lambda>:184 ] [33m[1mRunner stderr: [fence-gate-diag] SETTER key=cache ok=True tid=8273263424 ctx_now={'engine': True, 'cache': True}[0m
[ 2026-09-03 19:00:58.692 | [33m[1mWARNING [0m | exo.worker.runner.supervisor:<lambda>:184 ] [33m[1mRunner stderr: [BG_DECODE_PROBE pid=62651] step=192 wall_ms=91.34 gpu_ms=133.88 gpu_pct=146.6[0m
[ 2026-09-03 19:00:58.694 | [33m[1mWARNING [0m | exo.worker.runner.supervisor:<lambda>:184 ] [33m[1mRunner stderr: [fence-gate-diag] SETTER key=cache ok=True tid=8273263424 ctx_now={'engine': True, 'cache': True}[0m
[ 2026-09-03 19:00:58.786 | [33m[1mWARNING [0m | exo.worker.runner.supervisor:<lambda>:184 ] [33m[1mRunner stderr: [fence-gate-diag] SETTER key=cache ok=True tid=8273263424 ctx_now={'engine': True, 'cache': True}[0m
[ 2026-09-03 19:00:58.880 | [33m[1mWARNING [0m | exo.worker.runner.supervisor:<lambda>:184 ] [33m[1mRunner stderr: [fence-gate-diag] SETTER key=cache ok=True tid=8273263424 ctx_now={'engine': True, 'cache': True}[0m
[ 2026-09-03 19:00:58.970 | [33m[1mWARNING [0m | exo.worker.runner.supervisor:<lambda>:184 ] [33m[1mRunner stderr: [fence-gate-diag] SETTER key=engine ok=False tid=8273263424 ctx_now={'engine': False, 'cache': True}[0m
[ 2026-09-03 19:00:59.382 | [33m[1mWARNING [0m | exo.worker.runner.supervisor:<lambda>:184 ] [33m[1mRunner stderr: [fence-gate-diag] SETTER key=engine ok=False tid=8273263424 ctx_now={'engine': False, 'cache': True}[0m
[ 2026-09-03 19:00:59.700 | [33m[1mWARNING [0m | exo.worker.runner.supervisor:<lambda>:184 ] [33m[1mRunner stderr: [fence-gate-diag] SETTER key=cache ok=False tid=8273263424 ctx_now={'engine': False, 'cache': False}[0m
[ 2026-09-03 19:00:59.726 | [33m[1mWARNING [0m | exo.worker.runner.supervisor:<lambda>:184 ] [33m[1mRunner stderr: [fence-gate-diag] SETTER key=cache ok=False tid=8273263424 ctx_now={'engine': False, 'cache': False}[0m
[ 2026-09-03 19:00:59.726 | [33m[1mWARNING [0m | exo.worker.runner.supervisor:<lambda>:184 ] [33m[1mRunner stderr: [fence-gate-diag] SETTER key=cache ok=True tid=8273263424 ctx_now={'engine': False, 'cache': True}[0m
[ 2026-09-03 19:00:59.765 | [33m[1mWARNING [0m | exo.worker.runner.supervisor:<lambda>:184 ] [33m[1mRunner stderr: [fence-gate-diag] SETTER key=engine ok=True tid=8273263424 ctx_now={'engine': True, 'cache': True}[0m
[ 2026-09-03 19:00:59.880 | [33m[1mWARNING [0m | exo.worker.runner.supervisor:<lambda>:184 ] [33m[1mRunner stderr: [fence-gate-diag] SETTER key=cache ok=True tid=8273263424 ctx_now={'engine': True, 'cache': True}[0m
[ 2026-09-03 19:00:59.934 | [33m[1mWARNING [0m | exo.worker.runner.supervisor:<lambda>:184 ] [33m[1mRunner stderr: [fence-gate-diag] SETTER key=cache ok=False tid=8273263424 ctx_now={'engine': True, 'cache': False}[0m
[ 2026-09-03 19:00:59.935 | [33m[1mWARNING [0m | exo.worker.runner.supervisor:<lambda>:184 ] [33m[1mRunner stderr: [fence-gate-diag] SETTER key=cache ok=True tid=8273263424 ctx_now={'engine': True, 'cache': True}[0m
[ 2026-09-03 19:00:59.938 | [33m[1mWARNING [0m | exo.worker.runner.supervisor:<lambda>:184 ] [33m[1mRunner stderr: [fence-gate-diag] SETTER key=cache ok=True tid=8273263424 ctx_now={'engine': True, 'cache': True}[0m
[ 2026-09-03 19:01:00.022 | [33m[1mWARNING [0m | exo.worker.runner.supervisor:<lambda>:184 ] [33m[1mRunner stderr: [fence-gate-diag] SETTER key=cache ok=False tid=8273263424 ctx_now={'engine': True, 'cache': False}[0m
[ 2026-09-03 19:01:00.023 | [33m[1mWARNING [0m | exo.worker.runner.supervisor:<lambda>:184 ] [33m[1mRunner stderr: [fence-gate-diag] SETTER key=cache ok=True tid=8273263424 ctx_now={'engine': True, 'cache': True}[0m
[ 2026-09-03 19:01:00.027 | [33m[1mWARNING [0m | exo.worker.runner.supervisor:<lambda>:184 ] [33m[1mRunner stderr: [fence-gate-diag] SETTER key=cache ok=True tid=8273263424 ctx_now={'engine': True, 'cache': True}[0m
[ 2026-09-03 19:01:00.114 | [33m[1mWARNING [0m | exo.worker.runner.supervisor:<lambda>:184 ] [33m[1mRunner stderr: [fence-gate-diag] SETTER key=cache ok=False tid=8273263424 ctx_now={'engine': True, 'cache': False}[0m
[ 2026-09-03 19:01:00.115 | [33m[1mWARNING [0m | exo.worker.runner.supervisor:<lambda>:184 ] [33m[1mRunner stderr: [fence-gate-diag] SETTER key=cache ok=True tid=8273263424 ctx_now={'engine': True, 'cache': True}[0m
[ 2026-09-03 19:01:00.119 | [33m[1mWARNING [0m | exo.worker.runner.supervisor:<lambda>:184 ] [33m[1mRunner stderr: [fence-gate-diag] SETTER key=cache ok=True tid=8273263424 ctx_now={'engine': True, 'cache': True}[0m
[ 2026-09-03 19:01:00.189 | [33m[1mWARNING [0m | exo.worker.runner.supervisor:<lambda>:184 ] [33m[1mRunner stderr: [fence-gate-diag] SETTER key=cache ok=False tid=8273263424 ctx_now={'engine': True, 'cache': False}[0m
[ 2026-09-03 19:01:00.191 | [33m[1mWARNING [0m | exo.worker.runner.supervisor:<lambda>:184 ] [33m[1mRunner stderr: [fence-gate-diag] SETTER key=cache ok=True tid=8273263424 ctx_now={'engine': True, 'cache': True}[0m
[ 2026-09-03 19:01:00.192 | [33m[1mWARNING [0m | exo.worker.runner.supervisor:<lambda>:184 ] [33m[1mRunner stderr: [fence-gate-diag] SETTER key=cache ok=True tid=8273263424 ctx_now={'engine': True, 'cache': True}[0m
[ 2026-09-03 19:01:00.278 | [33m[1mWARNING [0m | exo.worker.runner.supervisor:<lambda>:184 ] [33m[1mRunner stderr: [fence-gate-diag] SETTER key=cache ok=False tid=8273263424 ctx_now={'engine': True, 'cache': False}[0m
[ 2026-09-03 19:01:00.279 | [33m[1mWARNING [0m | exo.worker.runner.supervisor:<lambda>:184 ] [33m[1mRunner stderr: [fence-gate-diag] SETTER key=cache ok=True tid=8273263424 ctx_now={'engine': True, 'cache': True}[0m
[ 2026-09-03 19:01:00.283 | [33m[1mWARNING [0m | exo.worker.runner.supervisor:<lambda>:184 ] [33m[1mRunner stderr: [fence-gate-diag] SETTER key=cache ok=True tid=8273263424 ctx_now={'engine': True, 'cache': True}[0m
[ 2026-09-03 19:01:00.353 | [33m[1mWARNING [0m | exo.worker.runner.supervisor:<lambda>:184 ] [33m[1mRunner stderr: [fence-gate-diag] SETTER key=cache ok=False tid=8273263424 ctx_now={'engine': True, 'cache': False}[0m
[ 2026-09-03 19:01:00.354 | [33m[1mWARNING [0m | exo.worker.runner.supervisor:<lambda>:184 ] [33m[1mRunner stderr: [fence-gate-diag] SETTER key=cache ok=True tid=8273263424 ctx_now={'engine': True, 'cache': True}[0m
[ 2026-09-03 19:01:00.358 | [33m[1mWARNING [0m | exo.worker.runner.supervisor:<lambda>:184 ] [33m[1mRunner stderr: [fence-gate-diag] SETTER key=cache ok=True tid=8273263424 ctx_now={'engine': True, 'cache': True}[0m
[ 2026-09-03 19:01:00.442 | [33m[1mWARNING [0m | exo.worker.runner.supervisor:<lambda>:184 ] [33m[1mRunner stderr: [fence-gate-diag] SETTER key=cache ok=False tid=8273263424 ctx_now={'engine': True, 'cache': False}[0m
[ 2026-09-03 19:01:00.443 | [33m[1mWARNING [0m | exo.worker.runner.supervisor:<lambda>:184 ] [33m[1mRunner stderr: [fence-gate-diag] SETTER key=cache ok=True tid=8273263424 ctx_now={'engine': True, 'cache': True}[0m
[ 2026-09-03 19:01:00.445 | [33m[1mWARNING [0m | exo.worker.runner.supervisor:<lambda>:184 ] [33m[1mRunner stderr: [fence-gate-diag] SETTER key=cache ok=True tid=8273263424 ctx_now={'engine': True, 'cache': True}[0m
[ 2026-09-03 19:01:00.513 | [33m[1mWARNING [0m | exo.worker.runner.supervisor:<lambda>:184 ] [33m[1mRunner stderr: [fence-gate-diag] SETTER key=cache ok=False tid=8273263424 ctx_now={'engine': True, 'cache': False}[0m
[ 2026-09-03 19:01:00.514 | [33m[1mWARNING [0m | exo.worker.runner.supervisor:<lambda>:184 ] [33m[1mRunner stderr: [fence-gate-diag] SETTER key=cache ok=True tid=8273263424 ctx_now={'engine': True, 'cache': True}[0m
[ 2026-09-03 19:01:00.517 | [33m[1mWARNING [0m | exo.worker.runner.supervisor:<lambda>:184 ] [33m[1mRunner stderr: [fence-gate-diag] SETTER key=cache ok=True tid=8273263424 ctx_now={'engine': True, 'cache': True}[0m
[ 2026-09-03 19:01:00.590 | [33m[1mWARNING [0m | exo.worker.runner.supervisor:<lambda>:184 ] [33m[1mRunner stderr: [fence-gate-diag] SETTER key=cache ok=False tid=8273263424 ctx_now={'engine': True, 'cache': False}[0m
[ 2026-09-03 19:01:00.591 | [33m[1mWARNING [0m | exo.worker.runner.supervisor:<lambda>:184 ] [33m[1mRunner stderr: [fence-gate-diag] SETTER key=cache ok=True tid=8273263424 ctx_now={'engine': True, 'cache': True}[0m
[ 2026-09-03 19:01:00.594 | [33m[1mWARNING [0m | exo.worker.runner.supervisor:<lambda>:184 ] [33m[1mRunner stderr: [fence-gate-diag] SETTER key=cache ok=True tid=8273263424 ctx_now={'engine': True, 'cache': True}[0m
[ 2026-09-03 19:01:00.685 | [33m[1mWARNING [0m | exo.worker.runner.supervisor:<lambda>:184 ] [33m[1mRunner stderr: [BG_DECODE_PROBE pid=62651] step=208 wall_ms=124.43 gpu_ms=95.42 gpu_pct=76.7[0m
[ 2026-09-03 19:01:00.686 | [33m[1mWARNING [0m | exo.worker.runner.supervisor:<lambda>:184 ] [33m[1mRunner stderr: [fence-gate-diag] SETTER key=cache ok=True tid=8273263424 ctx_now={'engine': True, 'cache': True}[0m
[ 2026-09-03 19:01:00.788 | [33m[1mWARNING [0m | exo.worker.runner.supervisor:<lambda>:184 ] [33m[1mRunner stderr: [fence-gate-diag] SETTER key=cache ok=True tid=8273263424 ctx_now={'engine': True, 'cache': True}[0m
[ 2026-09-03 19:01:00.873 | [33m[1mWARNING [0m | exo.worker.runner.supervisor:<lambda>:184 ] [33m[1mRunner stderr: [fence-gate-diag] SETTER key=cache ok=True tid=8273263424 ctx_now={'engine': True, 'cache': True}[0m
[ 2026-09-03 19:01:00.949 | [33m[1mWARNING [0m | exo.worker.runner.supervisor:<lambda>:184 ] [33m[1mRunner stderr: [fence-gate-diag] SETTER key=cache ok=True tid=8273263424 ctx_now={'engine': True, 'cache': True}[0m
[ 2026-09-03 19:01:01.016 | [33m[1mWARNING [0m | exo.worker.runner.supervisor:<lambda>:184 ] [33m[1mRunner stderr: [fence-gate-diag] SETTER key=cache ok=True tid=8273263424 ctx_now={'engine': True, 'cache': True}[0m
[ 2026-09-03 19:01:01.117 | [33m[1mWARNING [0m | exo.worker.runner.supervisor:<lambda>:184 ] [33m[1mRunner stderr: [fence-gate-diag] SETTER key=cache ok=False tid=8273263424 ctx_now={'engine': True, 'cache': False}[0m
[ 2026-09-03 19:01:01.119 | [33m[1mWARNING [0m | exo.worker.runner.supervisor:<lambda>:184 ] [33m[1mRunner stderr: [fence-gate-diag] SETTER key=cache ok=True tid=8273263424 ctx_now={'engine': True, 'cache': True}[0m
[ 2026-09-03 19:01:01.122 | [33m[1mWARNING [0m | exo.worker.runner.supervisor:<lambda>:184 ] [33m[1mRunner stderr: [fence-gate-diag] SETTER key=cache ok=True tid=8273263424 ctx_now={'engine': True, 'cache': True}[0m
[ 2026-09-03 19:01:01.199 | [33m[1mWARNING [0m | exo.worker.runner.supervisor:<lambda>:184 ] [33m[1mRunner stderr: [fence-gate-diag] SETTER key=cache ok=False tid=8273263424 ctx_now={'engine': True, 'cache': False}[0m
[ 2026-09-03 19:01:01.202 | [33m[1mWARNING [0m | exo.worker.runner.supervisor:<lambda>:184 ] [33m[1mRunner stderr: [fence-gate-diag] SETTER key=cache ok=True tid=8273263424 ctx_now={'engine': True, 'cache': True}[0m
[ 2026-09-03 19:01:01.204 | [33m[1mWARNING [0m | exo.worker.runner.supervisor:<lambda>:184 ] [33m[1mRunner stderr: [fence-gate-diag] SETTER key=cache ok=True tid=8273263424 ctx_now={'engine': True, 'cache': True}[0m
[ 2026-09-03 19:01:01.261 | [33m[1mWARNING [0m | exo.worker.runner.supervisor:<lambda>:184 ] [33m[1mRunner stderr: [fence-gate-diag] SETTER key=cache ok=False tid=8273263424 ctx_now={'engine': True, 'cache': False}[0m
[ 2026-09-03 19:01:01.262 | [33m[1mWARNING [0m | exo.worker.runner.supervisor:<lambda>:184 ] [33m[1mRunner stderr: [fence-gate-diag] SETTER key=cache ok=True tid=8273263424 ctx_now={'engine': True, 'cache': True}[0m
[ 2026-09-03 19:01:01.265 | [33m[1mWARNING [0m | exo.worker.runner.supervisor:<lambda>:184 ] [33m[1mRunner stderr: [fence-gate-diag] SETTER key=cache ok=True tid=8273263424 ctx_now={'engine': True, 'cache': True}[0m
[ 2026-09-03 19:01:01.333 | [33m[1mWARNING [0m | exo.worker.runner.supervisor:<lambda>:184 ] [33m[1mRunner stderr: [fence-gate-diag] SETTER key=cache ok=False tid=8273263424 ctx_now={'engine': True, 'cache': False}[0m
[ 2026-09-03 19:01:01.334 | [33m[1mWARNING [0m | exo.worker.runner.supervisor:<lambda>:184 ] [33m[1mRunner stderr: [fence-gate-diag] SETTER key=cache ok=True tid=8273263424 ctx_now={'engine': True, 'cache': True}[0m
[ 2026-09-03 19:01:01.337 | [33m[1mWARNING [0m | exo.worker.runner.supervisor:<lambda>:184 ] [33m[1mRunner stderr: [fence-gate-diag] SETTER key=cache ok=True tid=8273263424 ctx_now={'engine': True, 'cache': True}[0m
[ 2026-09-03 19:01:01.454 | [33m[1mWARNING [0m | exo.worker.runner.supervisor:<lambda>:184 ] [33m[1mRunner stderr: [fence-gate-diag] SETTER key=cache ok=False tid=8273263424 ctx_now={'engine': True, 'cache': False}[0m
[ 2026-09-03 19:01:01.455 | [33m[1mWARNING [0m | exo.worker.runner.supervisor:<lambda>:184 ] [33m[1mRunner stderr: [fence-gate-diag] SETTER key=cache ok=True tid=8273263424 ctx_now={'engine': True, 'cache': True}[0m
[ 2026-09-03 19:01:01.459 | [33m[1mWARNING [0m | exo.worker.runner.supervisor:<lambda>:184 ] [33m[1mRunner stderr: [fence-gate-diag] SETTER key=cache ok=True tid=8273263424 ctx_now={'engine': True, 'cache': True}[0m
[ 2026-09-03 19:01:01.520 | [33m[1mWARNING [0m | exo.worker.runner.supervisor:<lambda>:184 ] [33m[1mRunner stderr: [fence-gate-diag] SETTER key=cache ok=False tid=8273263424 ctx_now={'engine': True, 'cache': False}[0m
[ 2026-09-03 19:01:01.521 | [33m[1mWARNING [0m | exo.worker.runner.supervisor:<lambda>:184 ] [33m[1mRunner stderr: [fence-gate-diag] SETTER key=cache ok=True tid=8273263424 ctx_now={'engine': True, 'cache': True}[0m
[ 2026-09-03 19:01:01.524 | [33m[1mWARNING [0m | exo.worker.runner.supervisor:<lambda>:184 ] [33m[1mRunner stderr: [fence-gate-diag] SETTER key=cache ok=True tid=8273263424 ctx_now={'engine': True, 'cache': True}[0m
[ 2026-09-03 19:01:01.616 | [33m[1mWARNING [0m | exo.worker.runner.supervisor:<lambda>:184 ] [33m[1mRunner stderr: [fence-gate-diag] SETTER key=cache ok=True tid=8273263424 ctx_now={'engine': True, 'cache': True}[0m
[ 2026-09-03 19:01:01.705 | [33m[1mWARNING [0m | exo.worker.runner.supervisor:<lambda>:184 ] [33m[1mRunner stderr: [fence-gate-diag] SETTER key=cache ok=False tid=8273263424 ctx_now={'engine': True, 'cache': False}[0m
[ 2026-09-03 19:01:01.706 | [33m[1mWARNING [0m | exo.worker.runner.supervisor:<lambda>:184 ] [33m[1mRunner stderr: [fence-gate-diag] SETTER key=cache ok=True tid=8273263424 ctx_now={'engine': True, 'cache': True}[0m
[ 2026-09-03 19:01:01.709 | [33m[1mWARNING [0m | exo.worker.runner.supervisor:<lambda>:184 ] [33m[1mRunner stderr: [fence-gate-diag] SETTER key=cache ok=True tid=8273263424 ctx_now={'engine': True, 'cache': True}[0m
[ 2026-09-03 19:01:01.799 | [33m[1mWARNING [0m | exo.worker.runner.supervisor:<lambda>:184 ] [33m[1mRunner stderr: [fence-gate-diag] SETTER key=cache ok=False tid=8273263424 ctx_now={'engine': True, 'cache': False}[0m
[ 2026-09-03 19:01:01.800 | [33m[1mWARNING [0m | exo.worker.runner.supervisor:<lambda>:184 ] [33m[1mRunner stderr: [fence-gate-diag] SETTER key=cache ok=True tid=8273263424 ctx_now={'engine': True, 'cache': True}[0m
[ 2026-09-03 19:01:01.804 | [33m[1mWARNING [0m | exo.worker.runner.supervisor:<lambda>:184 ] [33m[1mRunner stderr: [fence-gate-diag] SETTER key=cache ok=True tid=8273263424 ctx_now={'engine': True, 'cache': True}[0m
[ 2026-09-03 19:01:01.860 | [33m[1mWARNING [0m | exo.worker.runner.supervisor:<lambda>:184 ] [33m[1mRunner stderr: [fence-gate-diag] SETTER key=cache ok=False tid=8273263424 ctx_now={'engine': True, 'cache': False}[0m
[ 2026-09-03 19:01:01.861 | [33m[1mWARNING [0m | exo.worker.runner.supervisor:<lambda>:184 ] [33m[1mRunner stderr: [fence-gate-diag] SETTER key=cache ok=True tid=8273263424 ctx_now={'engine': True, 'cache': True}[0m
[ 2026-09-03 19:01:01.864 | [33m[1mWARNING [0m | exo.worker.runner.supervisor:<lambda>:184 ] [33m[1mRunner stderr: [fence-gate-diag] SETTER key=cache ok=True tid=8273263424 ctx_now={'engine': True, 'cache': True}[0m
[ 2026-09-03 19:01:01.939 | [33m[1mWARNING [0m | exo.worker.runner.supervisor:<lambda>:184 ] [33m[1mRunner stderr: [fence-gate-diag] SETTER key=cache ok=False tid=8273263424 ctx_now={'engine': True, 'cache': False}[0m
[ 2026-09-03 19:01:01.940 | [33m[1mWARNING [0m | exo.worker.runner.supervisor:<lambda>:184 ] [33m[1mRunner stderr: [fence-gate-diag] SETTER key=cache ok=True tid=8273263424 ctx_now={'engine': True, 'cache': True}[0m
[ 2026-09-03 19:01:01.944 | [33m[1mWARNING [0m | exo.worker.runner.supervisor:<lambda>:184 ] [33m[1mRunner stderr: [fence-gate-diag] SETTER key=cache ok=True tid=8273263424 ctx_now={'engine': True, 'cache': True}[0m
[ 2026-09-03 19:01:02.013 | [33m[1mWARNING [0m | exo.worker.runner.supervisor:<lambda>:184 ] [33m[1mRunner stderr: [fence-gate-diag] SETTER key=cache ok=False tid=8273263424 ctx_now={'engine': True, 'cache': False}[0m
[ 2026-09-03 19:01:02.014 | [33m[1mWARNING [0m | exo.worker.runner.supervisor:<lambda>:184 ] [33m[1mRunner stderr: [fence-gate-diag] SETTER key=cache ok=True tid=8273263424 ctx_now={'engine': True, 'cache': True}[0m
[ 2026-09-03 19:01:02.016 | [33m[1mWARNING [0m | exo.worker.runner.supervisor:<lambda>:184 ] [33m[1mRunner stderr: [BG_DECODE_PROBE pid=62651] step=224 wall_ms=83.29 gpu_ms=94.42 gpu_pct=113.4[0m
[ 2026-09-03 19:01:02.017 | [33m[1mWARNING [0m | exo.worker.runner.supervisor:<lambda>:184 ] [33m[1mRunner stderr: [fence-gate-diag] SETTER key=cache ok=True tid=8273263424 ctx_now={'engine': True, 'cache': True}[0m
[ 2026-09-03 19:01:02.073 | [33m[1mWARNING [0m | exo.worker.runner.supervisor:<lambda>:184 ] [33m[1mRunner stderr: [fence-gate-diag] SETTER key=cache ok=False tid=8273263424 ctx_now={'engine': True, 'cache': False}[0m
[ 2026-09-03 19:01:02.073 | [33m[1mWARNING [0m | exo.worker.runner.supervisor:<lambda>:184 ] [33m[1mRunner stderr: [fence-gate-diag] SETTER key=cache ok=True tid=8273263424 ctx_now={'engine': True, 'cache': True}[0m
[ 2026-09-03 19:01:02.077 | [33m[1mWARNING [0m | exo.worker.runner.supervisor:<lambda>:184 ] [33m[1mRunner stderr: [fence-gate-diag] SETTER key=cache ok=True tid=8273263424 ctx_now={'engine': True, 'cache': True}[0m
[ 2026-09-03 19:01:02.157 | [33m[1mWARNING [0m | exo.worker.runner.supervisor:<lambda>:184 ] [33m[1mRunner stderr: [fence-gate-diag] SETTER key=cache ok=True tid=8273263424 ctx_now={'engine': True, 'cache': True}[0m
[ 2026-09-03 19:01:02.230 | [33m[1mWARNING [0m | exo.worker.runner.supervisor:<lambda>:184 ] [33m[1mRunner stderr: [fence-gate-diag] SETTER key=cache ok=False tid=8273263424 ctx_now={'engine': True, 'cache': False}[0m
[ 2026-09-03 19:01:02.231 | [33m[1mWARNING [0m | exo.worker.runner.supervisor:<lambda>:184 ] [33m[1mRunner stderr: [fence-gate-diag] SETTER key=cache ok=True tid=8273263424 ctx_now={'engine': True, 'cache': True}[0m
[ 2026-09-03 19:01:02.235 | [33m[1mWARNING [0m | exo.worker.runner.supervisor:<lambda>:184 ] [33m[1mRunner stderr: [fence-gate-diag] SETTER key=cache ok=True tid=8273263424 ctx_now={'engine': True, 'cache': True}[0m
[ 2026-09-03 19:01:02.307 | [33m[1mWARNING [0m | exo.worker.runner.supervisor:<lambda>:184 ] [33m[1mRunner stderr: [fence-gate-diag] SETTER key=cache ok=False tid=8273263424 ctx_now={'engine': True, 'cache': False}[0m
[ 2026-09-03 19:01:02.308 | [33m[1mWARNING [0m | exo.worker.runner.supervisor:<lambda>:184 ] [33m[1mRunner stderr: [fence-gate-diag] SETTER key=cache ok=True tid=8273263424 ctx_now={'engine': True, 'cache': True}[0m
[ 2026-09-03 19:01:02.311 | [33m[1mWARNING [0m | exo.worker.runner.supervisor:<lambda>:184 ] [33m[1mRunner stderr: [fence-gate-diag] SETTER key=cache ok=True tid=8273263424 ctx_now={'engine': True, 'cache': True}[0m
[ 2026-09-03 19:01:02.385 | [33m[1mWARNING [0m | exo.worker.runner.supervisor:<lambda>:184 ] [33m[1mRunner stderr: [fence-gate-diag] SETTER key=cache ok=True tid=8273263424 ctx_now={'engine': True, 'cache': True}[0m
[ 2026-09-03 19:01:02.473 | [33m[1mWARNING [0m | exo.worker.runner.supervisor:<lambda>:184 ] [33m[1mRunner stderr: [fence-gate-diag] SETTER key=cache ok=False tid=8273263424 ctx_now={'engine': True, 'cache': False}[0m
[ 2026-09-03 19:01:02.474 | [33m[1mWARNING [0m | exo.worker.runner.supervisor:<lambda>:184 ] [33m[1mRunner stderr: [fence-gate-diag] SETTER key=cache ok=True tid=8273263424 ctx_now={'engine': True, 'cache': True}[0m
[ 2026-09-03 19:01:02.477 | [33m[1mWARNING [0m | exo.worker.runner.supervisor:<lambda>:184 ] [33m[1mRunner stderr: [fence-gate-diag] SETTER key=cache ok=True tid=8273263424 ctx_now={'engine': True, 'cache': True}[0m
[ 2026-09-03 19:01:02.567 | [33m[1mWARNING [0m | exo.worker.runner.supervisor:<lambda>:184 ] [33m[1mRunner stderr: [fence-gate-diag] SETTER key=cache ok=False tid=8273263424 ctx_now={'engine': True, 'cache': False}[0m
[ 2026-09-03 19:01:02.569 | [33m[1mWARNING [0m | exo.worker.runner.supervisor:<lambda>:184 ] [33m[1mRunner stderr: [fence-gate-diag] SETTER key=cache ok=True tid=8273263424 ctx_now={'engine': True, 'cache': True}[0m
[ 2026-09-03 19:01:02.573 | [33m[1mWARNING [0m | exo.worker.runner.supervisor:<lambda>:184 ] [33m[1mRunner stderr: [fence-gate-diag] SETTER key=cache ok=True tid=8273263424 ctx_now={'engine': True, 'cache': True}[0m
[ 2026-09-03 19:01:02.660 | [33m[1mWARNING [0m | exo.worker.runner.supervisor:<lambda>:184 ] [33m[1mRunner stderr: [fence-gate-diag] SETTER key=cache ok=False tid=8273263424 ctx_now={'engine': True, 'cache': False}[0m
[ 2026-09-03 19:01:02.661 | [33m[1mWARNING [0m | exo.worker.runner.supervisor:<lambda>:184 ] [33m[1mRunner stderr: [fence-gate-diag] SETTER key=cache ok=True tid=8273263424 ctx_now={'engine': True, 'cache': True}[0m
[ 2026-09-03 19:01:02.664 | [33m[1mWARNING [0m | exo.worker.runner.supervisor:<lambda>:184 ] [33m[1mRunner stderr: [fence-gate-diag] SETTER key=cache ok=True tid=8273263424 ctx_now={'engine': True, 'cache': True}[0m
[ 2026-09-03 19:01:02.721 | [33m[1mWARNING [0m | exo.worker.runner.supervisor:<lambda>:184 ] [33m[1mRunner stderr: [fence-gate-diag] SETTER key=cache ok=False tid=8273263424 ctx_now={'engine': True, 'cache': False}[0m
[ 2026-09-03 19:01:02.721 | [33m[1mWARNING [0m | exo.worker.runner.supervisor:<lambda>:184 ] [33m[1mRunner stderr: [fence-gate-diag] SETTER key=cache ok=True tid=8273263424 ctx_now={'engine': True, 'cache': True}[0m
[ 2026-09-03 19:01:02.725 | [33m[1mWARNING [0m | exo.worker.runner.supervisor:<lambda>:184 ] [33m[1mRunner stderr: [fence-gate-diag] SETTER key=cache ok=True tid=8273263424 ctx_now={'engine': True, 'cache': True}[0m
[ 2026-09-03 19:01:02.800 | [33m[1mWARNING [0m | exo.worker.runner.supervisor:<lambda>:184 ] [33m[1mRunner stderr: [fence-gate-diag] SETTER key=cache ok=False tid=8273263424 ctx_now={'engine': True, 'cache': False}[0m
[ 2026-09-03 19:01:02.801 | [33m[1mWARNING [0m | exo.worker.runner.supervisor:<lambda>:184 ] [33m[1mRunner stderr: [fence-gate-diag] SETTER key=cache ok=True tid=8273263424 ctx_now={'engine': True, 'cache': True}[0m
[ 2026-09-03 19:01:02.805 | [33m[1mWARNING [0m | exo.worker.runner.supervisor:<lambda>:184 ] [33m[1mRunner stderr: [fence-gate-diag] SETTER key=cache ok=True tid=8273263424 ctx_now={'engine': True, 'cache': True}[0m
[ 2026-09-03 19:01:02.896 | [33m[1mWARNING [0m | exo.worker.runner.supervisor:<lambda>:184 ] [33m[1mRunner stderr: [fence-gate-diag] SETTER key=cache ok=True tid=8273263424 ctx_now={'engine': True, 'cache': True}[0m
[ 2026-09-03 19:01:02.974 | [33m[1mWARNING [0m | exo.worker.runner.supervisor:<lambda>:184 ] [33m[1mRunner stderr: [fence-gate-diag] SETTER key=cache ok=True tid=8273263424 ctx_now={'engine': True, 'cache': True}[0m
[ 2026-09-03 19:01:03.037 | [33m[1mWARNING [0m | exo.worker.runner.supervisor:<lambda>:184 ] [33m[1mRunner stderr: [fence-gate-diag] SETTER key=cache ok=True tid=8273263424 ctx_now={'engine': True, 'cache': True}[0m
[ 2026-09-03 19:01:03.129 | [33m[1mWARNING [0m | exo.worker.runner.supervisor:<lambda>:184 ] [33m[1mRunner stderr: [fence-gate-diag] SETTER key=cache ok=True tid=8273263424 ctx_now={'engine': True, 'cache': True}[0m
[ 2026-09-03 19:01:03.218 | [33m[1mWARNING [0m | exo.worker.runner.supervisor:<lambda>:184 ] [33m[1mRunner stderr: [fence-gate-diag] SETTER key=cache ok=False tid=8273263424 ctx_now={'engine': True, 'cache': False}[0m
[ 2026-09-03 19:01:03.219 | [33m[1mWARNING [0m | exo.worker.runner.supervisor:<lambda>:184 ] [33m[1mRunner stderr: [fence-gate-diag] SETTER key=cache ok=True tid=8273263424 ctx_now={'engine': True, 'cache': True}[0m
[ 2026-09-03 19:01:03.224 | [33m[1mWARNING [0m | exo.worker.runner.supervisor:<lambda>:184 ] [33m[1mRunner stderr: [fence-gate-diag] SETTER key=cache ok=True tid=8273263424 ctx_now={'engine': True, 'cache': True}[0m
[ 2026-09-03 19:01:03.296 | [33m[1mWARNING [0m | exo.worker.runner.supervisor:<lambda>:184 ] [33m[1mRunner stderr: [fence-gate-diag] SETTER key=cache ok=False tid=8273263424 ctx_now={'engine': True, 'cache': False}[0m
[ 2026-09-03 19:01:03.296 | [33m[1mWARNING [0m | exo.worker.runner.supervisor:<lambda>:184 ] [33m[1mRunner stderr: [fence-gate-diag] SETTER key=cache ok=True tid=8273263424 ctx_now={'engine': True, 'cache': True}[0m
[ 2026-09-03 19:01:03.299 | [33m[1mWARNING [0m | exo.worker.runner.supervisor:<lambda>:184 ] [33m[1mRunner stderr: [BG_DECODE_PROBE pid=62651] step=240 wall_ms=80.15 gpu_ms=104.17 gpu_pct=130.0[0m
[ 2026-09-03 19:01:03.299 | [33m[1mWARNING [0m | exo.worker.runner.supervisor:<lambda>:184 ] [33m[1mRunner stderr: [fence-gate-diag] SETTER key=cache ok=True tid=8273263424 ctx_now={'engine': True, 'cache': True}[0m
[ 2026-09-03 19:01:03.369 | [33m[1mWARNING [0m | exo.worker.runner.supervisor:<lambda>:184 ] [33m[1mRunner stderr: [fence-gate-diag] SETTER key=cache ok=False tid=8273263424 ctx_now={'engine': True, 'cache': False}[0m
[ 2026-09-03 19:01:03.369 | [33m[1mWARNING [0m | exo.worker.runner.supervisor:<lambda>:184 ] [33m[1mRunner stderr: [fence-gate-diag] SETTER key=cache ok=True tid=8273263424 ctx_now={'engine': True, 'cache': True}[0m
[ 2026-09-03 19:01:03.373 | [33m[1mWARNING [0m | exo.worker.runner.supervisor:<lambda>:184 ] [33m[1mRunner stderr: [fence-gate-diag] SETTER key=cache ok=True tid=8273263424 ctx_now={'engine': True, 'cache': True}[0m
[ 2026-09-03 19:01:03.448 | [33m[1mWARNING [0m | exo.worker.runner.supervisor:<lambda>:184 ] [33m[1mRunner stderr: [fence-gate-diag] SETTER key=cache ok=False tid=8273263424 ctx_now={'engine': True, 'cache': False}[0m
[ 2026-09-03 19:01:03.449 | [33m[1mWARNING [0m | exo.worker.runner.supervisor:<lambda>:184 ] [33m[1mRunner stderr: [fence-gate-diag] SETTER key=cache ok=True tid=8273263424 ctx_now={'engine': True, 'cache': True}[0m
[ 2026-09-03 19:01:03.453 | [33m[1mWARNING [0m | exo.worker.runner.supervisor:<lambda>:184 ] [33m[1mRunner stderr: [fence-gate-diag] SETTER key=cache ok=True tid=8273263424 ctx_now={'engine': True, 'cache': True}[0m
[ 2026-09-03 19:01:03.524 | [33m[1mWARNING [0m | exo.worker.runner.supervisor:<lambda>:184 ] [33m[1mRunner stderr: [fence-gate-diag] SETTER key=cache ok=False tid=8273263424 ctx_now={'engine': True, 'cache': False}[0m
[ 2026-09-03 19:01:03.525 | [33m[1mWARNING [0m | exo.worker.runner.supervisor:<lambda>:184 ] [33m[1mRunner stderr: [fence-gate-diag] SETTER key=cache ok=True tid=8273263424 ctx_now={'engine': True, 'cache': True}[0m
[ 2026-09-03 19:01:03.528 | [33m[1mWARNING [0m | exo.worker.runner.supervisor:<lambda>:184 ] [33m[1mRunner stderr: [fence-gate-diag] SETTER key=cache ok=True tid=8273263424 ctx_now={'engine': True, 'cache': True}[0m
[ 2026-09-03 19:01:03.618 | [33m[1mWARNING [0m | exo.worker.runner.supervisor:<lambda>:184 ] [33m[1mRunner stderr: [fence-gate-diag] SETTER key=cache ok=False tid=8273263424 ctx_now={'engine': True, 'cache': False}[0m
[ 2026-09-03 19:01:03.619 | [33m[1mWARNING [0m | exo.worker.runner.supervisor:<lambda>:184 ] [33m[1mRunner stderr: [fence-gate-diag] SETTER key=cache ok=True tid=8273263424 ctx_now={'engine': True, 'cache': True}[0m
[ 2026-09-03 19:01:03.623 | [33m[1mWARNING [0m | exo.worker.runner.supervisor:<lambda>:184 ] [33m[1mRunner stderr: [fence-gate-diag] SETTER key=cache ok=True tid=8273263424 ctx_now={'engine': True, 'cache': True}[0m
[ 2026-09-03 19:01:03.688 | [33m[1mWARNING [0m | exo.worker.runner.supervisor:<lambda>:184 ] [33m[1mRunner stderr: [fence-gate-diag] SETTER key=cache ok=False tid=8273263424 ctx_now={'engine': True, 'cache': False}[0m
[ 2026-09-03 19:01:03.689 | [33m[1mWARNING [0m | exo.worker.runner.supervisor:<lambda>:184 ] [33m[1mRunner stderr: [fence-gate-diag] SETTER key=cache ok=True tid=8273263424 ctx_now={'engine': True, 'cache': True}[0m
[ 2026-09-03 19:01:03.691 | [33m[1mWARNING [0m | exo.worker.runner.supervisor:<lambda>:184 ] [33m[1mRunner stderr: [fence-gate-diag] SETTER key=cache ok=True tid=8273263424 ctx_now={'engine': True, 'cache': True}[0m
[ 2026-09-03 19:01:03.774 | [33m[1mWARNING [0m | exo.worker.runner.supervisor:<lambda>:184 ] [33m[1mRunner stderr: [fence-gate-diag] SETTER key=cache ok=False tid=8273263424 ctx_now={'engine': True, 'cache': False}[0m
[ 2026-09-03 19:01:03.774 | [33m[1mWARNING [0m | exo.worker.runner.supervisor:<lambda>:184 ] [33m[1mRunner stderr: [fence-gate-diag] SETTER key=cache ok=True tid=8273263424 ctx_now={'engine': True, 'cache': True}[0m
[ 2026-09-03 19:01:03.778 | [33m[1mWARNING [0m | exo.worker.runner.supervisor:<lambda>:184 ] [33m[1mRunner stderr: [fence-gate-diag] SETTER key=cache ok=True tid=8273263424 ctx_now={'engine': True, 'cache': True}[0m
[ 2026-09-03 19:01:03.847 | [33m[1mWARNING [0m | exo.worker.runner.supervisor:<lambda>:184 ] [33m[1mRunner stderr: [fence-gate-diag] SETTER key=cache ok=False tid=8273263424 ctx_now={'engine': True, 'cache': False}[0m
[ 2026-09-03 19:01:03.848 | [33m[1mWARNING [0m | exo.worker.runner.supervisor:<lambda>:184 ] [33m[1mRunner stderr: [fence-gate-diag] SETTER key=cache ok=True tid=8273263424 ctx_now={'engine': True, 'cache': True}[0m
[ 2026-09-03 19:01:03.852 | [33m[1mWARNING [0m | exo.worker.runner.supervisor:<lambda>:184 ] [33m[1mRunner stderr: [fence-gate-diag] SETTER key=cache ok=True tid=8273263424 ctx_now={'engine': True, 'cache': True}[0m
[ 2026-09-03 19:01:03.942 | [33m[1mWARNING [0m | exo.worker.runner.supervisor:<lambda>:184 ] [33m[1mRunner stderr: [fence-gate-diag] SETTER key=cache ok=False tid=8273263424 ctx_now={'engine': True, 'cache': False}[0m
[ 2026-09-03 19:01:03.943 | [33m[1mWARNING [0m | exo.worker.runner.supervisor:<lambda>:184 ] [33m[1mRunner stderr: [fence-gate-diag] SETTER key=cache ok=True tid=8273263424 ctx_now={'engine': True, 'cache': True}[0m
[ 2026-09-03 19:01:03.946 | [33m[1mWARNING [0m | exo.worker.runner.supervisor:<lambda>:184 ] [33m[1mRunner stderr: [fence-gate-diag] SETTER key=cache ok=True tid=8273263424 ctx_now={'engine': True, 'cache': True}[0m
[ 2026-09-03 19:01:04.006 | [33m[1mWARNING [0m | exo.worker.runner.supervisor:<lambda>:184 ] [33m[1mRunner stderr: [fence-gate-diag] SETTER key=cache ok=False tid=8273263424 ctx_now={'engine': True, 'cache': False}[0m
[ 2026-09-03 19:01:04.006 | [33m[1mWARNING [0m | exo.worker.runner.supervisor:<lambda>:184 ] [33m[1mRunner stderr: [fence-gate-diag] SETTER key=cache ok=True tid=8273263424 ctx_now={'engine': True, 'cache': True}[0m
[ 2026-09-03 19:01:04.010 | [33m[1mWARNING [0m | exo.worker.runner.supervisor:<lambda>:184 ] [33m[1mRunner stderr: [fence-gate-diag] SETTER key=cache ok=True tid=8273263424 ctx_now={'engine': True, 'cache': True}[0m
[ 2026-09-03 19:01:04.097 | [33m[1mWARNING [0m | exo.worker.runner.supervisor:<lambda>:184 ] [33m[1mRunner stderr: [fence-gate-diag] SETTER key=cache ok=False tid=8273263424 ctx_now={'engine': True, 'cache': False}[0m
[ 2026-09-03 19:01:04.098 | [33m[1mWARNING [0m | exo.worker.runner.supervisor:<lambda>:184 ] [33m[1mRunner stderr: [fence-gate-diag] SETTER key=cache ok=True tid=8273263424 ctx_now={'engine': True, 'cache': True}[0m
[ 2026-09-03 19:01:04.102 | [33m[1mWARNING [0m | exo.worker.runner.supervisor:<lambda>:184 ] [33m[1mRunner stderr: [fence-gate-diag] SETTER key=cache ok=True tid=8273263424 ctx_now={'engine': True, 'cache': True}[0m
[ 2026-09-03 19:01:04.176 | [33m[1mWARNING [0m | exo.worker.runner.supervisor:<lambda>:184 ] [33m[1mRunner stderr: [fence-gate-diag] SETTER key=cache ok=False tid=8273263424 ctx_now={'engine': True, 'cache': False}[0m
[ 2026-09-03 19:01:04.177 | [33m[1mWARNING [0m | exo.worker.runner.supervisor:<lambda>:184 ] [33m[1mRunner stderr: [fence-gate-diag] SETTER key=cache ok=True tid=8273263424 ctx_now={'engine': True, 'cache': True}[0m
[ 2026-09-03 19:01:04.180 | [33m[1mWARNING [0m | exo.worker.runner.supervisor:<lambda>:184 ] [33m[1mRunner stderr: [fence-gate-diag] SETTER key=cache ok=True tid=8273263424 ctx_now={'engine': True, 'cache': True}[0m
[ 2026-09-03 19:01:04.239 | [33m[1mWARNING [0m | exo.worker.runner.supervisor:<lambda>:184 ] [33m[1mRunner stderr: [fence-gate-diag] SETTER key=cache ok=False tid=8273263424 ctx_now={'engine': True, 'cache': False}[0m
[ 2026-09-03 19:01:04.241 | [33m[1mWARNING [0m | exo.worker.runner.supervisor:<lambda>:184 ] [33m[1mRunner stderr: [fence-gate-diag] SETTER key=cache ok=True tid=8273263424 ctx_now={'engine': True, 'cache': True}[0m
[ 2026-09-03 19:01:04.243 | [33m[1mWARNING [0m | exo.worker.runner.supervisor:<lambda>:184 ] [33m[1mRunner stderr: [fence-gate-diag] SETTER key=cache ok=True tid=8273263424 ctx_now={'engine': True, 'cache': True}[0m
[ 2026-09-03 19:01:04.338 | [33m[1mWARNING [0m | exo.worker.runner.supervisor:<lambda>:184 ] [33m[1mRunner stderr: [fence-gate-diag] SETTER key=cache ok=True tid=8273263424 ctx_now={'engine': True, 'cache': True}[0m
[ 2026-09-03 19:01:04.428 | [33m[1mWARNING [0m | exo.worker.runner.supervisor:<lambda>:184 ] [33m[1mRunner stderr: [fence-gate-diag] SETTER key=cache ok=True tid=8273263424 ctx_now={'engine': True, 'cache': True}[0m
[ 2026-09-03 19:01:04.517 | [33m[1mWARNING [0m | exo.worker.runner.supervisor:<lambda>:184 ] [33m[1mRunner stderr: [fence-gate-diag] SETTER key=cache ok=False tid=8273263424 ctx_now={'engine': True, 'cache': False}[0m
[ 2026-09-03 19:01:04.518 | [33m[1mWARNING [0m | exo.worker.runner.supervisor:<lambda>:184 ] [33m[1mRunner stderr: [fence-gate-diag] SETTER key=cache ok=True tid=8273263424 ctx_now={'engine': True, 'cache': True}[0m
[ 2026-09-03 19:01:04.521 | [33m[1mWARNING [0m | exo.worker.runner.supervisor:<lambda>:184 ] [33m[1mRunner stderr: [fence-gate-diag] SETTER key=cache ok=True tid=8273263424 ctx_now={'engine': True, 'cache': True}[0m
[ 2026-09-03 19:01:04.611 | [33m[1mWARNING [0m | exo.worker.runner.supervisor:<lambda>:184 ] [33m[1mRunner stderr: [fence-gate-diag] SETTER key=cache ok=False tid=8273263424 ctx_now={'engine': True, 'cache': False}[0m
[ 2026-09-03 19:01:04.612 | [33m[1mWARNING [0m | exo.worker.runner.supervisor:<lambda>:184 ] [33m[1mRunner stderr: [fence-gate-diag] SETTER key=cache ok=True tid=8273263424 ctx_now={'engine': True, 'cache': True}[0m
[ 2026-09-03 19:01:04.616 | [33m[1mWARNING [0m | exo.worker.runner.supervisor:<lambda>:184 ] [33m[1mRunner stderr: [BG_DECODE_PROBE pid=62651] step=256 wall_ms=82.28 gpu_ms=111.45 gpu_pct=135.5[0m
[ 2026-09-03 19:01:04.616 | [33m[1mWARNING [0m | exo.worker.runner.supervisor:<lambda>:184 ] [33m[1mRunner stderr: [fence-gate-diag] SETTER key=cache ok=True tid=8273263424 ctx_now={'engine': True, 'cache': True}[0m
[ 2026-09-03 19:01:04.703 | [33m[1mWARNING [0m | exo.worker.runner.supervisor:<lambda>:184 ] [33m[1mRunner stderr: [fence-gate-diag] SETTER key=cache ok=False tid=8273263424 ctx_now={'engine': True, 'cache': False}[0m
[ 2026-09-03 19:01:04.704 | [33m[1mWARNING [0m | exo.worker.runner.supervisor:<lambda>:184 ] [33m[1mRunner stderr: [fence-gate-diag] SETTER key=cache ok=True tid=8273263424 ctx_now={'engine': True, 'cache': True}[0m
[ 2026-09-03 19:01:04.709 | [33m[1mWARNING [0m | exo.worker.runner.supervisor:<lambda>:184 ] [33m[1mRunner stderr: [fence-gate-diag] SETTER key=cache ok=True tid=8273263424 ctx_now={'engine': True, 'cache': True}[0m
[ 2026-09-03 19:01:04.768 | [33m[1mWARNING [0m | exo.worker.runner.supervisor:<lambda>:184 ] [33m[1mRunner stderr: [fence-gate-diag] SETTER key=cache ok=True tid=8273263424 ctx_now={'engine': True, 'cache': True}[0m
[ 2026-09-03 19:01:04.833 | [33m[1mWARNING [0m | exo.worker.runner.supervisor:<lambda>:184 ] [33m[1mRunner stderr: [fence-gate-diag] SETTER key=cache ok=True tid=8273263424 ctx_now={'engine': True, 'cache': True}[0m
[ 2026-09-03 19:01:04.888 | [33m[1mWARNING [0m | exo.worker.runner.supervisor:<lambda>:184 ] [33m[1mRunner stderr: [fence-gate-diag] SETTER key=cache ok=False tid=8273263424 ctx_now={'engine': True, 'cache': False}[0m
[ 2026-09-03 19:01:04.889 | [33m[1mWARNING [0m | exo.worker.runner.supervisor:<lambda>:184 ] [33m[1mRunner stderr: [fence-gate-diag] SETTER key=cache ok=True tid=8273263424 ctx_now={'engine': True, 'cache': True}[0m
[ 2026-09-03 19:01:04.892 | [33m[1mWARNING [0m | exo.worker.runner.supervisor:<lambda>:184 ] [33m[1mRunner stderr: [fence-gate-diag] SETTER key=cache ok=True tid=8273263424 ctx_now={'engine': True, 'cache': True}[0m
[ 2026-09-03 19:01:04.982 | [33m[1mWARNING [0m | exo.worker.runner.supervisor:<lambda>:184 ] [33m[1mRunner stderr: [fence-gate-diag] SETTER key=cache ok=False tid=8273263424 ctx_now={'engine': True, 'cache': False}[0m
[ 2026-09-03 19:01:04.983 | [33m[1mWARNING [0m | exo.worker.runner.supervisor:<lambda>:184 ] [33m[1mRunner stderr: [fence-gate-diag] SETTER key=cache ok=True tid=8273263424 ctx_now={'engine': True, 'cache': True}[0m
[ 2026-09-03 19:01:04.986 | [33m[1mWARNING [0m | exo.worker.runner.supervisor:<lambda>:184 ] [33m[1mRunner stderr: [fence-gate-diag] SETTER key=cache ok=True tid=8273263424 ctx_now={'engine': True, 'cache': True}[0m
[ 2026-09-03 19:01:05.063 | [33m[1mWARNING [0m | exo.worker.runner.supervisor:<lambda>:184 ] [33m[1mRunner stderr: [fence-gate-diag] SETTER key=cache ok=True tid=8273263424 ctx_now={'engine': True, 'cache': True}[0m
[ 2026-09-03 19:01:05.154 | [33m[1mWARNING [0m | exo.worker.runner.supervisor:<lambda>:184 ] [33m[1mRunner stderr: [fence-gate-diag] SETTER key=cache ok=True tid=8273263424 ctx_now={'engine': True, 'cache': True}[0m
[ 2026-09-03 19:01:05.247 | [33m[1mWARNING [0m | exo.worker.runner.supervisor:<lambda>:184 ] [33m[1mRunner stderr: [fence-gate-diag] SETTER key=cache ok=True tid=8273263424 ctx_now={'engine': True, 'cache': True}[0m
[ 2026-09-03 19:01:05.339 | [33m[1mWARNING [0m | exo.worker.runner.supervisor:<lambda>:184 ] [33m[1mRunner stderr: [fence-gate-diag] SETTER key=cache ok=True tid=8273263424 ctx_now={'engine': True, 'cache': True}[0m
[ 2026-09-03 19:01:05.432 | [33m[1mWARNING [0m | exo.worker.runner.supervisor:<lambda>:184 ] [33m[1mRunner stderr: [fence-gate-diag] SETTER key=cache ok=True tid=8273263424 ctx_now={'engine': True, 'cache': True}[0m
[ 2026-09-03 19:01:05.524 | [33m[1mWARNING [0m | exo.worker.runner.supervisor:<lambda>:184 ] [33m[1mRunner stderr: [fence-gate-diag] SETTER key=cache ok=True tid=8273263424 ctx_now={'engine': True, 'cache': True}[0m
[ 2026-09-03 19:01:05.616 | [33m[1mWARNING [0m | exo.worker.runner.supervisor:<lambda>:184 ] [33m[1mRunner stderr: [fence-gate-diag] SETTER key=cache ok=True tid=8273263424 ctx_now={'engine': True, 'cache': True}[0m
[ 2026-09-03 19:01:05.707 | [33m[1mWARNING [0m | exo.worker.runner.supervisor:<lambda>:184 ] [33m[1mRunner stderr: [fence-gate-diag] SETTER key=cache ok=True tid=8273263424 ctx_now={'engine': True, 'cache': True}[0m
[ 2026-09-03 19:01:05.800 | [33m[1mWARNING [0m | exo.worker.runner.supervisor:<lambda>:184 ] [33m[1mRunner stderr: [fence-gate-diag] SETTER key=cache ok=True tid=8273263424 ctx_now={'engine': True, 'cache': True}[0m
[ 2026-09-03 19:01:05.894 | [33m[1mWARNING [0m | exo.worker.runner.supervisor:<lambda>:184 ] [33m[1mRunner stderr: [fence-gate-diag] SETTER key=cache ok=True tid=8273263424 ctx_now={'engine': True, 'cache': True}[0m
[ 2026-09-03 19:01:05.985 | [33m[1mWARNING [0m | exo.worker.runner.supervisor:<lambda>:184 ] [33m[1mRunner stderr: [BG_DECODE_PROBE pid=62651] step=272 wall_ms=85.65 gpu_ms=125.59 gpu_pct=146.6[0m
[ 2026-09-03 19:01:05.987 | [33m[1mWARNING [0m | exo.worker.runner.supervisor:<lambda>:184 ] [33m[1mRunner stderr: [fence-gate-diag] SETTER key=cache ok=True tid=8273263424 ctx_now={'engine': True, 'cache': True}[0m
[ 2026-09-03 19:01:06.131 | [33m[1mWARNING [0m | exo.worker.runner.supervisor:<lambda>:184 ] [33m[1mRunner stderr: [fence-gate-diag] SETTER key=cache ok=True tid=8273263424 ctx_now={'engine': True, 'cache': True}[0m
[ 2026-09-03 19:01:06.224 | [33m[1mWARNING [0m | exo.worker.runner.supervisor:<lambda>:184 ] [33m[1mRunner stderr: [fence-gate-diag] SETTER key=cache ok=True tid=8273263424 ctx_now={'engine': True, 'cache': True}[0m
[ 2026-09-03 19:01:06.318 | [33m[1mWARNING [0m | exo.worker.runner.supervisor:<lambda>:184 ] [33m[1mRunner stderr: [fence-gate-diag] SETTER key=cache ok=True tid=8273263424 ctx_now={'engine': True, 'cache': True}[0m
[ 2026-09-03 19:01:06.411 | [33m[1mWARNING [0m | exo.worker.runner.supervisor:<lambda>:184 ] [33m[1mRunner stderr: [fence-gate-diag] SETTER key=cache ok=True tid=8273263424 ctx_now={'engine': True, 'cache': True}[0m
[ 2026-09-03 19:01:06.501 | [33m[1mWARNING [0m | exo.worker.runner.supervisor:<lambda>:184 ] [33m[1mRunner stderr: [fence-gate-diag] SETTER key=engine ok=False tid=8273263424 ctx_now={'engine': False, 'cache': True}[0m
